filer,cik,period,filed_date,rank_in_book,ticker,issuer_name,cusip,issuer_id,leg,instrument_class,value_usd,shares,pct_of_book,prior_value_usd,prior_shares,share_delta,share_delta_pct,action,novel_vs_our_shelf,unit_scale,book_total_usd,positions_in_book,figi_name,security_type,resolution
Horizon Kinetics,1056823,2026-06-30,2026-08-11,1,TPL,TEXAS PACIFIC LAND CORPORATI,88262P102,88262P,long,common,4290140539,9802899,48.643,4752898409,10015379,-212480,-2.1,trimmed,yes,1,8819643675,351,TEXAS PACIFIC LAND CORP,Common Stock,openfigi_us
Horizon Kinetics,1056823,2026-06-30,2026-08-11,2,GBTC,GRAYSCALE BITCOIN TRUST ETF,389637109,389637,long,common,552612345,12139990,6.266,738897574,14004882,-1864892,-13.3,trimmed,yes,1,8819643675,351,GRAYSCALE BITCOIN TRUST ETF,ETP,openfigi_us
Horizon Kinetics,1056823,2026-06-30,2026-08-11,3,LB,LANDBRIDGE COMPANY LLC,514952100,514952,long,common,461276842,5821263,5.23,390625134,5657134,164129,2.9,added,yes,1,8819643675,351,LANDBRIDGE CO LLC-A,Common Stock,openfigi_us
Horizon Kinetics,1056823,2026-06-30,2026-08-11,4,HE,HAWAIIAN ELEC INDS INC MTN B,419870100,419870,long,common,303009724,22395397,3.436,321067763,21635294,760103,3.5,added,yes,1,8819643675,351,,,cached
Horizon Kinetics,1056823,2026-06-30,2026-08-11,5,MIAX,MIAMI INTL HLDGS INC,59356Q108,59356Q,long,common,291415166,7842173,3.304,134334287,3451549,4390624,127.2,added,yes,1,8819643675,351,,,cached
Horizon Kinetics,1056823,2026-06-30,2026-08-11,6,WBI,WATERBRIDGE INFRASTRUCTURE L,940923105,940923,long,common,262173624,7650237,2.973,196696106,7342147,308090,4.2,added,yes,1,8819643675,351,WATERBRIDGE INFRASTRUC-CL A,Common Stock,openfigi_us
Horizon Kinetics,1056823,2026-06-30,2026-08-11,7,WPM,WHEATON PRECIOUS METALS CORP,962879102,962879,long,common,189472941,1686903,2.148,230776606,1761519,-74616,-4.2,trimmed,yes,1,8819643675,351,WHEATON PRECIOUS METALS CORP,Common Stock,openfigi_us
Horizon Kinetics,1056823,2026-06-30,2026-08-11,8,PBT,PERMIAN BASIN RTY TR,714236106,714236,long,common,168501395,6729289,1.911,137290964,6379692,349597,5.5,added,yes,1,8819643675,351,PERMIAN BASIN ROYALTY TRUST,Royalty Trst,openfigi_us
Horizon Kinetics,1056823,2026-06-30,2026-08-11,9,FNV,FRANCO NEV CORP,351858105,351858,long,common,161211339,773418,1.828,187090315,757297,16121,2.1,added,yes,1,8819643675,351,FRANCO-NEVADA CORP,Common Stock,openfigi_us
Horizon Kinetics,1056823,2026-06-30,2026-08-11,10,BTC,GRAYSCALE BITCOIN MINI TR ET,389930207,389930,long,common,157464419,6067993,1.785,90102437,3004416,3063577,102.0,added,yes,1,8819643675,351,GRAYSCALE BITCOIN MINI ETF,ETP,openfigi_us
Horizon Kinetics,1056823,2026-06-30,2026-08-11,11,ICE,INTERCONTINENTAL EXCHANGE IN,45866F104,45866F,long,common,121226532,984701,1.375,131942006,838899,145802,17.4,added,yes,1,8819643675,351,,,cached
Horizon Kinetics,1056823,2026-06-30,2026-08-11,12,CBOE,CBOE GLOBAL MKTS INC,12503M108,12503M,long,common,100619170,414634,1.141,115257172,410066,4568,1.1,added,yes,1,8819643675,351,,,cached
Horizon Kinetics,1056823,2026-06-30,2026-08-11,13,LNG,CHENIERE ENERGY INC,16411R208,16411R,long,common,96091651,402040,1.09,119272365,420328,-18288,-4.4,trimmed,yes,1,8819643675,351,CHENIERE ENERGY INC,Common Stock,openfigi_us
Horizon Kinetics,1056823,2026-06-30,2026-08-11,14,MSB,MESABI TR,590672101,590672,long,common,81450362,3219382,0.924,98940608,3140972,78410,2.5,added,yes,1,8819643675,351,MESABI TRUST,Royalty Trst,openfigi_us
Horizon Kinetics,1056823,2026-06-30,2026-08-11,15,CVEO,CIVEO CORP CDA,17878Y207,17878Y,long,common,80184685,2290991,0.909,62243260,2352353,-61362,-2.6,trimmed,yes,1,8819643675,351,CIVEO CORP,Common Stock,openfigi_us
Horizon Kinetics,1056823,2026-06-30,2026-08-11,16,CACI,CACI INTL INC,127190304,127190,long,common,71222982,153743,0.808,84108408,154648,-905,-0.6,trimmed,yes,1,8819643675,351,CACI INTERNATIONAL INC -CL A,Common Stock,openfigi_us
Horizon Kinetics,1056823,2026-06-30,2026-08-11,17,CCJ,CAMECO CORP,13321L108,13321L,long,common,71071860,697741,0.806,70794673,651825,45916,7.0,added,no,1,8819643675,351,,,cached
Horizon Kinetics,1056823,2026-06-30,2026-08-11,18,VNOM,VIPER ENERGY INC,64361Q101,64361Q,long,common,70050092,1652125,0.794,78127514,1662641,-10516,-0.6,trimmed,yes,1,8819643675,351,VIPER ENERGY INC-CL A,Common Stock,openfigi_us
Horizon Kinetics,1056823,2026-06-30,2026-08-11,19,BN,BROOKFIELD CORP,11271J107,11271J,long,common,67604752,1587339,0.767,63616256,1571936,15403,1.0,added,no,1,8819643675,351,,,cached
Horizon Kinetics,1056823,2026-06-30,2026-08-11,20,CME,CME GROUP INC,12572Q105,12572Q,long,common,62665802,283774,0.711,79819165,270253,13521,5.0,added,no,1,8819643675,351,,,cached
Horizon Kinetics,1056823,2026-06-30,2026-08-11,21,OR,OR ROYALTIES INC.,68390D106,68390D,long,common,60596710,1915799,0.687,66692548,1754144,161655,9.2,added,yes,1,8819643675,351,OR ROYALTIES INC,Common Stock,openfigi_us
Horizon Kinetics,1056823,2026-06-30,2026-08-11,22,WHK,WHITEHAWK MINERALS CORP,96524T101,96524T,long,common,43196253,1552705,0.49,0,0,1552705,,new,yes,1,8819643675,351,WHITEHAWK MINERALS CORP-CL A,Common Stock,openfigi_us
Horizon Kinetics,1056823,2026-06-30,2026-08-11,23,AN,AUTONATION INC,05329W102,05329W,long,common,39557879,212917,0.449,43943880,225053,-12136,-5.4,trimmed,yes,1,8819643675,351,AUTONATION INC,Common Stock,openfigi_us
Horizon Kinetics,1056823,2026-06-30,2026-08-11,24,TRC,TEJON RANCH CO,879080109,879080,long,common,37618578,2011689,0.427,35845097,1902606,109083,5.7,added,yes,1,8819643675,351,TEJON RANCH CO,Common Stock,openfigi_us
Horizon Kinetics,1056823,2026-06-30,2026-08-11,25,JOE,ST JOE CO,790148100,790148,long,common,37115028,592608,0.421,34075817,542609,49999,9.2,added,yes,1,8819643675,351,ST JOE CO/THE,Common Stock,openfigi_us
Horizon Kinetics,1056823,2026-06-30,2026-08-11,26,EROK,EAGLEROCK LD LLC,27005A105,27005A,long,common,35789526,1684213,0.406,0,0,1684213,,new,yes,1,8819643675,351,EAGLEROCK LAND LLC -CL A,Common Stock,openfigi_us
Horizon Kinetics,1056823,2026-06-30,2026-08-11,27,HKHC,HORIZON KINETICS HLDG CORP COM,439913104,439913,long,common,35488728,1075416,0.402,35488728,1075416,0,0.0,flat,yes,1,8819643675,351,HORIZON KINETICS HOLDING COR,Common Stock,openfigi_us
Horizon Kinetics,1056823,2026-06-30,2026-08-11,28,GLXY,GALAXY DIGITAL INC.,36317J209,36317J,long,common,33793634,1236051,0.383,23080378,1250969,-14918,-1.2,trimmed,no,1,8819643675,351,,,cached
Horizon Kinetics,1056823,2026-06-30,2026-08-11,29,,BUNGE GLOBAL SA,H11356104,H11356,long,common,30319709,284079,0.344,42859312,336944,-52865,-15.7,trimmed,no,1,8819643675,351,,,openfigi_miss
Horizon Kinetics,1056823,2026-06-30,2026-08-11,30,IBIT,ISHARES BITCOIN TRUST ETF,46438F101,46438F,long,common,27873983,837308,0.316,30480238,793343,43965,5.5,added,yes,1,8819643675,351,,,cached
Horizon Kinetics,1056823,2026-06-30,2026-08-11,31,SII,SPROTT INC,852066208,852066,long,common,26089617,232217,0.296,29579833,206997,25220,12.2,added,yes,1,8819643675,351,SPROTT INC,Common Stock,openfigi_us
Horizon Kinetics,1056823,2026-06-30,2026-08-11,32,,WHITE MTNS INS GROUP LTD,G9618E107,G9618E,long,common,25307802,12206,0.287,28806544,13112,-906,-6.9,trimmed,yes,1,8819643675,351,,,openfigi_miss
Horizon Kinetics,1056823,2026-06-30,2026-08-11,33,PAG,PENSKE AUTOMOTIVE GRP INC,70959W103,70959W,long,common,24886039,139067,0.282,21307615,142507,-3440,-2.4,trimmed,yes,1,8819643675,351,PENSKE AUTOMOTIVE GROUP INC,Common Stock,openfigi_us
Horizon Kinetics,1056823,2026-06-30,2026-08-11,34,RBA,RB GLOBAL INC,74935Q107,74935Q,long,common,24611565,211349,0.279,17898187,186731,24618,13.2,added,yes,1,8819643675,351,,,cached
Horizon Kinetics,1056823,2026-06-30,2026-08-11,35,SJT,SAN JUAN BASIN RTY TR,798241105,798241,long,common,24055803,7494020,0.273,33568225,6978841,515179,7.4,added,yes,1,8819643675,351,SAN JUAN BASIN ROYALTY TR,Royalty Trst,openfigi_us
Horizon Kinetics,1056823,2026-06-30,2026-08-11,36,MRSH,MARSH & MCLENNAN COS INC,571748102,571748,long,common,23330982,139983,0.265,26250011,151341,-11358,-7.5,trimmed,yes,1,8819643675,351,MARSH & MCLENNAN COS,Common Stock,openfigi_us
Horizon Kinetics,1056823,2026-06-30,2026-08-11,37,VUSB,VANGUARD BD INDEX FDS,92203C303,92203C,long,common,22953956,461108,0.26,16879803,339054,122054,36.0,added,yes,1,8819643675,351,VANGUARD ULTRA SHORT BOND ET,ETP,openfigi_us
Horizon Kinetics,1056823,2026-06-30,2026-08-11,38,DMLP,DORCHESTER MINERALS L P,25820R105,25820R,long,common,21529436,852651,0.244,23312122,860226,-7575,-0.9,trimmed,yes,1,8819643675,351,DORCHESTER MINERALS LP,MLP,openfigi_us
Horizon Kinetics,1056823,2026-06-30,2026-08-11,39,,ROYALTY PHARMA PLC,G7709Q104,G7709Q,long,common,19336349,344861,0.219,16347364,340783,4078,1.2,added,yes,1,8819643675,351,,,openfigi_miss
Horizon Kinetics,1056823,2026-06-30,2026-08-11,40,BRK/B,BERKSHIRE HATHAWAY INC DEL,084670702,084670,long,common,18630020,37231,0.211,18225413,38033,-802,-2.1,trimmed,no,1,8819643675,351,,,cached
Horizon Kinetics,1056823,2026-06-30,2026-08-11,41,LYV,LIVE NATION ENTERTAINMENT IN,538034109,538034,long,common,18492096,100989,0.21,23969844,157169,-56180,-35.7,trimmed,no,1,8819643675,351,,,cached
Horizon Kinetics,1056823,2026-06-30,2026-08-11,42,TFPM,TRIPLE FLAG PRECIOUS METAL,89679M104,89679M,long,common,15185115,506677,0.172,14350158,413430,93247,22.6,added,yes,1,8819643675,351,TRIPLE FLAG PRECIOUS MET,Common Stock,openfigi_us
Horizon Kinetics,1056823,2026-06-30,2026-08-11,43,IPAR,INTERPARFUMS INC,458334109,458334,long,common,14579087,130333,0.165,12566130,138333,-8000,-5.8,trimmed,yes,1,8819643675,351,INTERPARFUMS INC,Common Stock,openfigi_us
Horizon Kinetics,1056823,2026-06-30,2026-08-11,44,OSK,OSHKOSH CORP,688239201,688239,long,common,13631538,88816,0.155,17045371,115789,-26973,-23.3,trimmed,yes,1,8819643675,351,OSHKOSH CORP,Common Stock,openfigi_us
Horizon Kinetics,1056823,2026-06-30,2026-08-11,45,,ROYAL CARIBBEAN GROUP,V7780T103,V7780T,long,common,12515072,39414,0.142,14226293,51698,-12284,-23.8,trimmed,yes,1,8819643675,351,,,openfigi_miss
Horizon Kinetics,1056823,2026-06-30,2026-08-11,46,,CARNIVAL CORP LTD,G2004J103,G2004J,long,common,12237676,428340,0.139,0,0,428340,,new,yes,1,8819643675,351,,,openfigi_miss
Horizon Kinetics,1056823,2026-06-30,2026-08-11,47,MSTR,STRATEGY INC,594972408,594972,long,common,11281254,129774,0.128,17378774,139253,-9479,-6.8,trimmed,yes,1,8819643675,351,STRATEGY INC,Common Stock,openfigi_us
Horizon Kinetics,1056823,2026-06-30,2026-08-11,48,TW,TRADEWEB MKTS INC,892672106,892672,long,common,9740768,97740,0.11,621598,5283,92457,1750.1,added,yes,1,8819643675,351,TRADEWEB MARKETS INC-CLASS A,Common Stock,openfigi_us
Horizon Kinetics,1056823,2026-06-30,2026-08-11,49,WMB,WILLIAMS COS INC,969457100,969457,long,common,9565929,128678,0.108,10065553,138301,-9623,-7.0,trimmed,yes,1,8819643675,351,WILLIAMS COS INC,Common Stock,openfigi_us
Horizon Kinetics,1056823,2026-06-30,2026-08-11,50,MSGS,MADISON SQUARE GRDN SPRT COR,55825T103,55825T,long,common,9331127,23221,0.106,7503726,23347,-126,-0.5,trimmed,yes,1,8819643675,351,MADISON SQUARE GARDEN SPORTS,Common Stock,openfigi_us
Horizon Kinetics,1056823,2026-06-30,2026-08-11,51,RGLD,ROYAL GOLD INC,780287108,780287,long,common,9195573,46068,0.104,11997075,47142,-1074,-2.3,trimmed,yes,1,8819643675,351,ROYAL GOLD INC,Common Stock,openfigi_us
Horizon Kinetics,1056823,2026-06-30,2026-08-11,52,MA,MASTERCARD INCORPORATED,57636Q104,57636Q,long,common,9080727,17681,0.103,9751136,19516,-1835,-9.4,trimmed,no,1,8819643675,351,,,cached
Horizon Kinetics,1056823,2026-06-30,2026-08-11,53,AB,ALLIANCEBERNSTEIN HLDG L P,01881G106,01881G,long,common,8752029,248496,0.099,8141216,217447,31049,14.3,added,yes,1,8819643675,351,ALLIANCEBERNSTEIN HOLDING LP,MLP,openfigi_us
Horizon Kinetics,1056823,2026-06-30,2026-08-11,54,BAM,BROOKFIELD ASSET MANAGMT LTD,113004105,113004,long,common,8490083,189299,0.096,8426453,189571,-272,-0.1,trimmed,yes,1,8819643675,351,BROOKFIELD ASSET MGMT-A,Common Stock,openfigi_us
Horizon Kinetics,1056823,2026-06-30,2026-08-11,55,SBR,SABINE RTY TR,785688102,785688,long,common,8183445,111796,0.093,8374027,111150,646,0.6,added,yes,1,8819643675,351,SABINE ROYALTY TRUST,Royalty Trst,openfigi_us
Horizon Kinetics,1056823,2026-06-30,2026-08-11,56,ET,ENERGY TRANSFER L P,29273V100,29273V,long,common,7729959,404287,0.088,7695061,398708,5579,1.4,added,no,1,8819643675,351,,,cached
Horizon Kinetics,1056823,2026-06-30,2026-08-11,57,SPHR,SPHERE ENTERTAINMENT CO,55826T102,55826T,long,common,7727001,44657,0.088,5429985,46252,-1595,-3.4,trimmed,yes,1,8819643675,351,,,cached
Horizon Kinetics,1056823,2026-06-30,2026-08-11,58,FRMI,FERMI INC,314911108,314911,long,common,7549923,824227,0.086,3109368,532426,291801,54.8,added,yes,1,8819643675,351,,,cached
Horizon Kinetics,1056823,2026-06-30,2026-08-11,59,WES,WESTERN MIDSTREAM PARTNERS L,958669103,958669,long,common,7536654,172227,0.085,6988360,169744,2483,1.5,added,yes,1,8819643675,351,,,cached
Horizon Kinetics,1056823,2026-06-30,2026-08-11,60,FWONK,LIBERTY MEDIA CORP DEL,531229755,531229,long,common,7241867,76118,0.082,6885770,80990,-4872,-6.0,trimmed,yes,1,8819643675,351,,,cached
Horizon Kinetics,1056823,2026-06-30,2026-08-11,61,SPAQ,LISTED FDS TR,53656G555,53656G,long,common,6699593,71541,0.076,6528142,71954,-413,-0.6,trimmed,yes,1,8819643675,351,HORIZON KINETICS SPAC ACTIVE,ETP,openfigi_us
Horizon Kinetics,1056823,2026-06-30,2026-08-11,62,AMLP,ALPS ETF TR,00162Q452,00162Q,long,common,6685539,128940,0.076,5607213,106520,22420,21.0,added,yes,1,8819643675,351,ALERIAN MLP ETF,ETP,openfigi_us
Horizon Kinetics,1056823,2026-06-30,2026-08-11,63,LBRT,LIBERTY ENERGY INC,53115L104,53115L,long,common,6149569,234806,0.07,8300794,288222,-53416,-18.5,trimmed,yes,1,8819643675,351,,,cached
Horizon Kinetics,1056823,2026-06-30,2026-08-11,64,KLAC,KLA CORP,482480100,482480,long,common,5990452,19855,0.068,3177461,2158,17697,820.1,added,yes,1,8819643675,351,,,cached
Horizon Kinetics,1056823,2026-06-30,2026-08-11,65,NRP,NATURAL RESOURCE PARTNERS LP,63900P608,63900P,long,common,5912247,60951,0.067,7002391,57871,3080,5.3,added,yes,1,8819643675,351,NATURAL RESOURCE PARTNERS LP,MLP,openfigi_us
Horizon Kinetics,1056823,2026-06-30,2026-08-11,66,FCX,FREEPORT MCMORAN INC,35671D857,35671D,long,common,5633749,89581,0.064,5400765,91881,-2300,-2.5,trimmed,no,1,8819643675,351,,,cached
Horizon Kinetics,1056823,2026-06-30,2026-08-11,67,SAIC,SCIENCE APPLICATIONS INTL CO,808625107,808625,long,common,5631683,51007,0.064,4801149,50581,426,0.8,added,yes,1,8819643675,351,SCIENCE APPLICATIONS INTE,Common Stock,openfigi_us
Horizon Kinetics,1056823,2026-06-30,2026-08-11,68,NDAQ,NASDAQ INC,631103108,631103,long,common,5591017,70934,0.063,6002273,70706,228,0.3,added,yes,1,8819643675,351,,,cached
Horizon Kinetics,1056823,2026-06-30,2026-08-11,69,JAPN,LISTED FDS TR,53656H835,53656H,long,common,5509420,244972,0.062,5158854,227765,17207,7.6,added,yes,1,8819643675,351,HORIZON KINETICS JAPAN OWNER,ETP,openfigi_us
Horizon Kinetics,1056823,2026-06-30,2026-08-11,70,BCDF,LISTED FDS TR,53656G209,53656G,long,common,5362291,179946,0.061,5104034,166055,13891,8.4,added,yes,1,8819643675,351,HORIZON KIN BLOCKCHAIN DEV,ETP,openfigi_us
Horizon Kinetics,1056823,2026-06-30,2026-08-11,71,EXMOC,EXXON MOBIL CORP,30231G102,30231G,long,common,5200419,38037,0.059,6734145,39692,-1655,-4.2,trimmed,yes,1,8819643675,351,EXXON MOBIL CORP,Common Stock,openfigi_foreign
Horizon Kinetics,1056823,2026-06-30,2026-08-11,72,ABBV,ABBVIE INC,00287Y109,00287Y,long,common,4752725,18887,0.054,4177765,19209,-322,-1.7,trimmed,yes,1,8819643675,351,ABBVIE INC,Common Stock,openfigi_us
Horizon Kinetics,1056823,2026-06-30,2026-08-11,73,LLY,ELI LILLY & CO,532457108,532457,long,common,4586620,3824,0.052,3646888,3965,-141,-3.6,trimmed,no,1,8819643675,351,,,cached
Horizon Kinetics,1056823,2026-06-30,2026-08-11,74,INFL,LISTED FDS TR,53656F623,53656F,long,common,4536955,90957,0.051,5224309,100352,-9395,-9.4,trimmed,yes,1,8819643675,351,HORIZON KINETICS INFL BENEF,ETP,openfigi_us
Horizon Kinetics,1056823,2026-06-30,2026-08-11,75,VGSH,VANGUARD SCOTTSDALE FDS,92206C102,92206C,long,common,4244642,72932,0.048,5780708,98748,-25816,-26.1,trimmed,yes,1,8819643675,351,VANGUARD SHORT-TERM TREASURY,ETP,openfigi_us
Horizon Kinetics,1056823,2026-06-30,2026-08-11,76,CAT,CATERPILLAR INC,149123101,149123,long,common,4186122,3931,0.047,2916730,4117,-186,-4.5,trimmed,yes,1,8819643675,351,CATERPILLAR INC,Common Stock,openfigi_us
Horizon Kinetics,1056823,2026-06-30,2026-08-11,77,EPD,ENTERPRISE PRODS PARTNERS L,293792107,293792,long,common,4129361,112333,0.047,4344789,114820,-2487,-2.2,trimmed,yes,1,8819643675,351,,,cached
Horizon Kinetics,1056823,2026-06-30,2026-08-11,78,MKL,MARKEL GROUP INC,570535104,570535,long,common,4031093,2064,0.046,4022426,2102,-38,-1.8,trimmed,yes,1,8819643675,351,MARKEL GROUP INC,Common Stock,openfigi_us
Horizon Kinetics,1056823,2026-06-30,2026-08-11,79,CSCO,CISCO SYS INC,17275R102,17275R,long,common,4024884,34266,0.046,2908927,37491,-3225,-8.6,trimmed,yes,1,8819643675,351,CISCO SYSTEMS INC,Common Stock,openfigi_us
Horizon Kinetics,1056823,2026-06-30,2026-08-11,80,HHH,HOWARD HUGHES HOLDINGS INC,44267T102,44267T,long,common,3967695,55500,0.045,12424897,196410,-140910,-71.7,trimmed,yes,1,8819643675,351,,,cached
Horizon Kinetics,1056823,2026-06-30,2026-08-11,81,JNJ,JOHNSON & JOHNSON,478160104,478160,long,common,3938631,15508,0.045,3839969,15709,-201,-1.3,trimmed,no,1,8819643675,351,,,cached
Horizon Kinetics,1056823,2026-06-30,2026-08-11,82,MRK,MERCK & CO INC,58933Y105,58933Y,long,common,3617401,28151,0.041,3414189,28383,-232,-0.8,trimmed,yes,1,8819643675,351,,,cached
Horizon Kinetics,1056823,2026-06-30,2026-08-11,83,PM,PHILIP MORRIS INTL INC,718172109,718172,long,common,3550178,19624,0.04,3262820,19734,-110,-0.6,trimmed,no,1,8819643675,351,,,cached
Horizon Kinetics,1056823,2026-06-30,2026-08-11,84,VRT,VERTIV HOLDINGS CO,92537N108,92537N,long,common,3520632,10515,0.04,2762645,11025,-510,-4.6,trimmed,no,1,8819643675,351,,,cached
Horizon Kinetics,1056823,2026-06-30,2026-08-11,85,NTR,NUTRIEN LTD,67077M108,67077M,long,common,3180690,50527,0.036,3865365,51224,-697,-1.4,trimmed,yes,1,8819643675,351,NUTRIEN LTD,Common Stock,openfigi_us
Horizon Kinetics,1056823,2026-06-30,2026-08-11,86,,COSTAMARE INC,Y1771G102,Y1771G,long,common,3117347,222350,0.035,3749265,221850,500,0.2,added,yes,1,8819643675,351,,,openfigi_miss
Horizon Kinetics,1056823,2026-06-30,2026-08-11,87,MTA,METALLA RTY & STREAMING LTD,59124U605,59124U,long,common,3076700,404297,0.035,2680489,404297,0,0.0,flat,yes,1,8819643675,351,METALLA ROYALTY & STREAMING,Common Stock,openfigi_us
Horizon Kinetics,1056823,2026-06-30,2026-08-11,88,SU,SUNCOR ENERGY INC NEW,867224107,867224,long,common,3018802,56237,0.034,3717828,56237,0,0.0,flat,yes,1,8819643675,351,SUNCOR ENERGY INC,Common Stock,openfigi_us
Horizon Kinetics,1056823,2026-06-30,2026-08-11,89,XNEAX,NUVEEN AMT FREE QLTY MUN INC,670657105,670657,long,common,2982500,254046,0.034,3327516,296306,-42260,-14.3,trimmed,yes,1,8819643675,351,NUVEEN AMT-FR QLTY MUNI INC,Closed-End Fund,openfigi_us
Horizon Kinetics,1056823,2026-06-30,2026-08-11,90,BR,BROADRIDGE FINL SOLUTIONS IN,11133T103,11133T,long,common,2972637,21706,0.034,3603156,22176,-470,-2.1,trimmed,yes,1,8819643675,351,BROADRIDGE FINANCIAL SOLUTIO,Common Stock,openfigi_us
Horizon Kinetics,1056823,2026-06-30,2026-08-11,91,OPLN,OPENLANE INC,48238T109,48238T,long,common,2929277,71030,0.033,2079648,71343,-313,-0.4,trimmed,yes,1,8819643675,351,OPENLANE INC,Common Stock,openfigi_us
Horizon Kinetics,1056823,2026-06-30,2026-08-11,92,CTRI,CENTURI HOLDINGS INC,155923105,155923,long,common,2904340,96043,0.033,0,0,96043,,new,yes,1,8819643675,351,,,cached
Horizon Kinetics,1056823,2026-06-30,2026-08-11,93,BCHG,GRAYSCALE BITCOIN CASH TRUST BCH,38963P109,38963P,long,common,2889992,1950062,0.033,4982257,1487241,462821,31.1,added,yes,1,8819643675,351,GRAYSCALE BITCOIN CASH TRUST,Closed-End Fund,openfigi_us
Horizon Kinetics,1056823,2026-06-30,2026-08-11,94,ARLP,ALLIANCE RESOURCE PARTNERS L,01877R108,01877R,long,common,2888415,120451,0.033,2895204,104709,15742,15.0,added,yes,1,8819643675,351,ALLIANCE RESOURCE PARTNERS,MLP,openfigi_us
Horizon Kinetics,1056823,2026-06-30,2026-08-11,95,MSGE,MADISON SQUARE GARDEN ENTMT,558256103,558256,long,common,2834466,35041,0.032,2104913,35731,-690,-1.9,trimmed,yes,1,8819643675,351,,,cached
Horizon Kinetics,1056823,2026-06-30,2026-08-11,96,WT,WISDOMTREE INC,97717P104,97717P,long,common,2813995,166115,0.032,2446901,168056,-1941,-1.2,trimmed,yes,1,8819643675,351,WISDOMTREE INC,Common Stock,openfigi_us
Horizon Kinetics,1056823,2026-06-30,2026-08-11,97,MO,ALTRIA GROUP INC,02209S103,02209S,long,common,2802956,38957,0.032,2570772,38957,0,0.0,flat,yes,1,8819643675,351,ALTRIA GROUP INC,Common Stock,openfigi_us
Horizon Kinetics,1056823,2026-06-30,2026-08-11,98,RCG,RENN FD INC,759720105,759720,long,common,2778135,929018,0.031,2991570,912064,16954,1.9,added,yes,1,8819643675,351,RENN FUND INC,Closed-End Fund,openfigi_us
Horizon Kinetics,1056823,2026-06-30,2026-08-11,99,TD,TORONTO DOMINION BK ONT,891160509,891160,long,common,2726104,22450,0.031,2099475,22500,-50,-0.2,trimmed,yes,1,8819643675,351,TORONTO-DOMINION BANK,Common Stock,openfigi_us
Horizon Kinetics,1056823,2026-06-30,2026-08-11,100,LHX,L3HARRIS TECHNOLOGIES INC,502431109,502431,long,common,2659870,9153,0.03,3159277,9153,0,0.0,flat,yes,1,8819643675,351,,,cached
Horizon Kinetics,1056823,2026-06-30,2026-08-11,101,FWONA,LIBERTY MEDIA CORP DEL,531229771,531229,long,common,2655613,30336,0.03,2661903,34092,-3756,-11.0,trimmed,yes,1,8819643675,351,,,cached
Horizon Kinetics,1056823,2026-06-30,2026-08-11,102,APYX,APYX MEDICAL CORPORATION,03837C106,03837C,long,common,2626650,585000,0.03,2269350,615000,-30000,-4.9,trimmed,yes,1,8819643675,351,APYX MEDICAL CORP,Common Stock,openfigi_us
Horizon Kinetics,1056823,2026-06-30,2026-08-11,103,LTCN,GRAYSCALE LITECOIN TRUST LTC SHS,38963W104,38963W,long,common,2586766,837141,0.029,2398983,587986,249155,42.4,added,yes,1,8819643675,351,GRAYSCALE LITECOIN TRUST,Closed-End Fund,openfigi_us
Horizon Kinetics,1056823,2026-06-30,2026-08-11,104,MSFT,MICROSOFT CORP,594918104,594918,long,common,2571569,6894,0.029,2562997,6924,-30,-0.4,trimmed,no,1,8819643675,351,,,cached
Horizon Kinetics,1056823,2026-06-30,2026-08-11,105,BMY,BRISTOL-MYERS SQUIBB CO,110122108,110122,long,common,2567086,44552,0.029,2711419,44706,-154,-0.3,trimmed,yes,1,8819643675,351,BRISTOL-MYERS SQUIBB CO,Common Stock,openfigi_us
Horizon Kinetics,1056823,2026-06-30,2026-08-11,106,EXP,EAGLE MATLS INC,26969P108,26969P,long,common,2404000,10684,0.027,3195158,16865,-6181,-36.6,trimmed,yes,1,8819643675,351,EAGLE MATERIALS INC,Common Stock,openfigi_us
Horizon Kinetics,1056823,2026-06-30,2026-08-11,107,EMR,EMERSON ELEC CO,291011104,291011,long,common,2375151,16592,0.027,2173889,16592,0,0.0,flat,yes,1,8819643675,351,EMERSON ELECTRIC CO,Common Stock,openfigi_us
Horizon Kinetics,1056823,2026-06-30,2026-08-11,108,GE,GE AEROSPACE,369604301,369604,long,common,2374680,6354,0.027,1821236,6418,-64,-1.0,trimmed,yes,1,8819643675,351,,,cached
Horizon Kinetics,1056823,2026-06-30,2026-08-11,109,BATRK,ATLANTA BRAVES HLDGS INC,047726302,047726,long,common,2358388,45441,0.027,1961254,45931,-490,-1.1,trimmed,yes,1,8819643675,351,ATLANTA BRAVES HOLDINGS IN-C,Common Stock,openfigi_us
Horizon Kinetics,1056823,2026-06-30,2026-08-11,110,PAA,PLAINS ALL AMERN PIPELINE L,726503105,726503,long,common,2344512,105324,0.027,2014367,90209,15115,16.8,added,yes,1,8819643675,351,PLAINS ALL AMER PIPELINE LP,MLP,openfigi_us
Horizon Kinetics,1056823,2026-06-30,2026-08-11,111,CVX,CHEVRON CORPORATION,166764100,166764,long,common,2287488,13800,0.026,2900324,14018,-218,-1.6,trimmed,yes,1,8819643675,351,CHEVRON CORP,Common Stock,openfigi_us
Horizon Kinetics,1056823,2026-06-30,2026-08-11,112,RTX,RTX CORPORATION,75513E101,75513E,long,common,2256838,11895,0.026,2294546,11895,0,0.0,flat,yes,1,8819643675,351,,,cached
Horizon Kinetics,1056823,2026-06-30,2026-08-11,113,IRM,IRON MTN INC DEL,46284V101,46284V,long,common,2254002,17845,0.026,1879887,18405,-560,-3.0,trimmed,yes,1,8819643675,351,,,cached
Horizon Kinetics,1056823,2026-06-30,2026-08-11,114,EQT,EQT CORP,26884L109,26884L,long,common,2194314,41270,0.025,2706062,42521,-1251,-2.9,trimmed,yes,1,8819643675,351,,,cached
Horizon Kinetics,1056823,2026-06-30,2026-08-11,115,ADM,ARCHER DANIELS MIDLAND CO,039483102,039483,long,common,2188230,28642,0.025,4311394,59312,-30670,-51.7,trimmed,no,1,8819643675,351,,,cached
Horizon Kinetics,1056823,2026-06-30,2026-08-11,116,BKKT,BAKKT INC,05759B305,05759B,long,common,2186515,279964,0.025,2329720,316538,-36574,-11.6,trimmed,yes,1,8819643675,351,BAKKT INC,Common Stock,openfigi_us
Horizon Kinetics,1056823,2026-06-30,2026-08-11,117,FNF,FIDELITY NATL FINL INC,31620R303,31620R,long,common,2134980,45271,0.024,2062890,44478,793,1.8,added,yes,1,8819643675,351,FIDELITY NATIONAL FINANCIAL,Common Stock,openfigi_us
Horizon Kinetics,1056823,2026-06-30,2026-08-11,118,BSM,BLACK STONE MINERALS L P,09225M101,09225M,long,common,2112795,151238,0.024,2286719,151238,0,0.0,flat,yes,1,8819643675,351,BLACK STONE MINERALS LP,MLP,openfigi_us
Horizon Kinetics,1056823,2026-06-30,2026-08-11,119,RMT,ROYCE MICRO-CAP TR INC,780915104,780915,long,common,1972564,134738,0.022,1502058,132808,1930,1.5,added,yes,1,8819643675,351,ROYCE MICRO-CAP TRUST INC,Closed-End Fund,openfigi_us
Horizon Kinetics,1056823,2026-06-30,2026-08-11,120,ROK,ROCKWELL AUTOMATION INC,773903109,773903,long,common,1928337,3895,0.022,1397838,3895,0,0.0,flat,yes,1,8819643675,351,ROCKWELL AUTOMATION INC,Common Stock,openfigi_us
Horizon Kinetics,1056823,2026-06-30,2026-08-11,121,SON,SONOCO PRODS CO,835495102,835495,long,common,1883781,33430,0.021,1689231,31230,2200,7.0,added,yes,1,8819643675,351,SONOCO PRODUCTS CO,Common Stock,openfigi_us
Horizon Kinetics,1056823,2026-06-30,2026-08-11,122,LVS,LAS VEGAS SANDS CORP,517834107,517834,long,common,1852542,40107,0.021,2155577,40007,100,0.2,added,yes,1,8819643675,351,,,cached
Horizon Kinetics,1056823,2026-06-30,2026-08-11,123,,AMRIZE LTD,H2927K103,H2927K,long,common,1842741,34573,0.021,0,0,34573,,new,yes,1,8819643675,351,,,openfigi_miss
Horizon Kinetics,1056823,2026-06-30,2026-08-11,124,AAPL,APPLE INC,037833100,037833,long,common,1829702,6323,0.021,1631089,6427,-104,-1.6,trimmed,no,1,8819643675,351,,,cached
Horizon Kinetics,1056823,2026-06-30,2026-08-11,125,VOO,VANGUARD INDEX FDS,922908363,922908,long,common,1785019,2599,0.02,1759187,2944,-345,-11.7,trimmed,yes,1,8819643675,351,VANGUARD S&P 500 ETF,ETP,openfigi_us
Horizon Kinetics,1056823,2026-06-30,2026-08-11,126,PFE,PFIZER INC,717081103,717081,long,common,1677461,69662,0.019,1936116,68950,712,1.0,added,yes,1,8819643675,351,,,cached
Horizon Kinetics,1056823,2026-06-30,2026-08-11,127,GEV,GE VERNOVA INC,36828A101,36828A,long,common,1671826,1423,0.019,1256103,1439,-16,-1.1,trimmed,no,1,8819643675,351,,,cached
Horizon Kinetics,1056823,2026-06-30,2026-08-11,128,NVS,NOVARTIS AG,66987V109,66987V,long,common,1659351,10588,0.019,1678875,10991,-403,-3.7,trimmed,yes,1,8819643675,351,NOVARTIS AG-SPONSORED ADR,ADR,openfigi_us
Horizon Kinetics,1056823,2026-06-30,2026-08-11,129,CRL,CHARLES RIV LABS INTL INC,159864107,159864,long,common,1610889,7103,0.018,2103120,12192,-5089,-41.7,trimmed,yes,1,8819643675,351,,,cached
Horizon Kinetics,1056823,2026-06-30,2026-08-11,130,V,VISA INC,92826C839,92826C,long,common,1600858,4666,0.018,1410252,4666,0,0.0,flat,no,1,8819643675,351,,,cached
Horizon Kinetics,1056823,2026-06-30,2026-08-11,131,REZI,RESIDEO TECHNOLOGIES INC,76118Y104,76118Y,long,common,1598416,51396,0.018,1715704,50896,500,1.0,added,yes,1,8819643675,351,RESIDEO TECHNOLOGIES INC,Common Stock,openfigi_us
Horizon Kinetics,1056823,2026-06-30,2026-08-11,132,FTLF,FITLIFE BRANDS INC,33817P405,33817P,long,common,1596450,145000,0.018,2193275,154456,-9456,-6.1,trimmed,yes,1,8819643675,351,FITLIFE BRANDS INC,Common Stock,openfigi_us
Horizon Kinetics,1056823,2026-06-30,2026-08-11,133,SLV,ISHARES SILVER TR,46428Q109,46428Q,long,common,1591535,29765,0.018,2034320,29855,-90,-0.3,trimmed,yes,1,8819643675,351,ISHARES SILVER TRUST,ETP,openfigi_us
Horizon Kinetics,1056823,2026-06-30,2026-08-11,134,WPC,WP CAREY INC,92936U109,92936U,long,common,1573000,22000,0.018,1495120,22000,0,0.0,flat,yes,1,8819643675,351,WP CAREY INC,REIT,openfigi_us
Horizon Kinetics,1056823,2026-06-30,2026-08-11,135,RIO,RIO TINTO PLC,767204100,767204,long,common,1540334,16226,0.017,1520254,16296,-70,-0.4,trimmed,yes,1,8819643675,351,RIO TINTO PLC-SPON ADR,ADR,openfigi_us
Horizon Kinetics,1056823,2026-06-30,2026-08-11,136,MYI,BLACKROCK MUNIYIELD QUALITY,09254E103,09254E,long,common,1516937,136538,0.017,2186017,207994,-71456,-34.4,trimmed,yes,1,8819643675,351,BLACKROCK MUNIYIELD QLTY III,Closed-End Fund,openfigi_us
Horizon Kinetics,1056823,2026-06-30,2026-08-11,137,BNY,BANK OF NY MELLON CORP,064058100,064058,long,common,1490640,10308,0.017,1222838,10308,0,0.0,flat,yes,1,8819643675,351,BANK OF NEW YORK MELLON CORP,Common Stock,openfigi_us
Horizon Kinetics,1056823,2026-06-30,2026-08-11,138,NRK,NUVEEN NY AMT FREE,670656107,670656,long,common,1484216,138453,0.017,1413605,138453,0,0.0,flat,yes,1,8819643675,351,NUVEEN NY AMT-FR MUNI INC,Closed-End Fund,openfigi_us
Horizon Kinetics,1056823,2026-06-30,2026-08-11,139,ADI,ANALOG DEVICES INC,032654105,032654,long,common,1440306,3626,0.016,1196658,3761,-135,-3.6,trimmed,no,1,8819643675,351,,,cached
Horizon Kinetics,1056823,2026-06-30,2026-08-11,140,BATRA,ATLANTA BRAVES HLDGS INC,047726104,047726,long,common,1398515,24836,0.016,1188557,25208,-372,-1.5,trimmed,yes,1,8819643675,351,ATLANTA BRAVES HOLDINGS IN-A,Common Stock,openfigi_us
Horizon Kinetics,1056823,2026-06-30,2026-08-11,141,NVDA,NVIDIA CORPORATION,67066G104,67066G,long,common,1384623,6920,0.016,1222544,7010,-90,-1.3,trimmed,no,1,8819643675,351,,,cached
Horizon Kinetics,1056823,2026-06-30,2026-08-11,142,SVXY,PROSHARES TR II,74347W130,74347W,long,common,1373438,23986,0.016,1098559,23986,0,0.0,flat,yes,1,8819643675,351,PROSHARES SHORT VIX ST FUTUR,ETP,openfigi_us
Horizon Kinetics,1056823,2026-06-30,2026-08-11,143,PFN,PIMCO INCOME STRATEGY FD II,72201J104,72201J,long,common,1365128,191463,0.015,1319177,191463,0,0.0,flat,yes,1,8819643675,351,PIMCO INCOME STRATEGY FD II,Closed-End Fund,openfigi_us
Horizon Kinetics,1056823,2026-06-30,2026-08-11,144,GLD,SPDR GOLD TR,78463V107,78463V,long,common,1344587,3650,0.015,1662210,3863,-213,-5.5,trimmed,yes,1,8819643675,351,,,cached
Horizon Kinetics,1056823,2026-06-30,2026-08-11,145,MPC,MARATHON PETE CORP,56585A102,56585A,long,common,1329995,5202,0.015,1270224,5202,0,0.0,flat,yes,1,8819643675,351,MARATHON PETROLEUM CORP,Common Stock,openfigi_us
Horizon Kinetics,1056823,2026-06-30,2026-08-11,146,,BROOKFIELD WEALTH SOL LTD,G17434104,G17434,long,common,1310942,30730,0.015,1272512,30737,-7,-0.0,trimmed,yes,1,8819643675,351,,,openfigi_miss
Horizon Kinetics,1056823,2026-06-30,2026-08-11,147,,STAR BULK CARRIERS CORP.,Y8162K204,Y8162K,long,common,1300092,52066,0.015,1189148,51770,296,0.6,added,yes,1,8819643675,351,,,openfigi_miss
Horizon Kinetics,1056823,2026-06-30,2026-08-11,148,NAD,NUVEEN QUALITY MUNCP INCOME,67066V101,67066V,long,common,1282651,105829,0.015,1867868,162423,-56594,-34.8,trimmed,yes,1,8819643675,351,NUVEEN QUALITY MUNICIPAL INC,Closed-End Fund,openfigi_us
Horizon Kinetics,1056823,2026-06-30,2026-08-11,149,GSK,GSK PLC,37733W204,37733W,long,common,1260491,24046,0.014,1347685,24419,-373,-1.5,trimmed,yes,1,8819643675,351,GSK PLC-SPON ADR,ADR,openfigi_us
Horizon Kinetics,1056823,2026-06-30,2026-08-11,150,VRSK,VERISK ANALYTICS INC,92345Y106,92345Y,long,common,1256710,7000,0.014,1328250,7000,0,0.0,flat,no,1,8819643675,351,,,cached
Horizon Kinetics,1056823,2026-06-30,2026-08-11,151,KMI,KINDER MORGAN INC DEL,49456B101,49456B,long,common,1224835,38312,0.014,1307066,38982,-670,-1.7,trimmed,yes,1,8819643675,351,,,cached
Horizon Kinetics,1056823,2026-06-30,2026-08-11,152,VXF,VANGUARD INDEX FDS,922908652,922908,long,common,1214285,4932,0.014,1244323,6046,-1114,-18.4,trimmed,yes,1,8819643675,351,VANGUARD EXTENDED MARKET ETF,ETP,openfigi_us
Horizon Kinetics,1056823,2026-06-30,2026-08-11,153,SPGI,S&P GLOBAL INC,78409V104,78409V,long,common,1209721,2970,0.014,1595055,3750,-780,-20.8,trimmed,no,1,8819643675,351,,,cached
Horizon Kinetics,1056823,2026-06-30,2026-08-11,154,SEG,SEAPORT ENTMT GROUP INC,812215200,812215,long,common,1130580,42503,0.013,1126411,52440,-9937,-18.9,trimmed,yes,1,8819643675,351,,,cached
Horizon Kinetics,1056823,2026-06-30,2026-08-11,155,GOOG,ALPHABET INC,02079K107,02079K,long,common,1100623,3115,0.012,945204,3295,-180,-5.5,trimmed,no,1,8819643675,351,,,cached
Horizon Kinetics,1056823,2026-06-30,2026-08-11,156,,GRAYSCALE COINDESK CRYPTO,G40705108,G40705,long,common,1082755,41029,0.012,1279695,41029,0,0.0,flat,yes,1,8819643675,351,,,openfigi_miss
Horizon Kinetics,1056823,2026-06-30,2026-08-11,157,,ALKERMES PLC,G01767105,G01767,long,common,1054816,20132,0.012,746061,21099,-967,-4.6,trimmed,no,1,8819643675,351,,,openfigi_miss
Horizon Kinetics,1056823,2026-06-30,2026-08-11,158,C,CITIGROUP INC,172967424,172967,long,common,1046201,7475,0.012,847740,7475,0,0.0,flat,yes,1,8819643675,351,,,cached
Horizon Kinetics,1056823,2026-06-30,2026-08-11,159,RDW,REDWIRE CORPORATION,75776W103,75776W,long,common,1028543,84100,0.012,0,0,84100,,new,yes,1,8819643675,351,REDWIRE CORP,Common Stock,openfigi_us
Horizon Kinetics,1056823,2026-06-30,2026-08-11,160,GOOGL,ALPHABET INC,02079K305,02079K,long,common,1011000,2829,0.011,843413,2933,-104,-3.5,trimmed,no,1,8819643675,351,,,cached
Horizon Kinetics,1056823,2026-06-30,2026-08-11,161,IBM,INTERNATIONAL BUSINESS MACHS,459200101,459200,long,common,1003920,3570,0.011,868968,3585,-15,-0.4,trimmed,yes,1,8819643675,351,INTL BUSINESS MACHINES CORP,Common Stock,openfigi_us
Horizon Kinetics,1056823,2026-06-30,2026-08-11,162,NSC,NORFOLK SOUTHN CORP,655844108,655844,long,common,969881,3083,0.011,870471,3033,50,1.6,added,no,1,8819643675,351,,,cached
Horizon Kinetics,1056823,2026-06-30,2026-08-11,163,MQY,BLACKROCK MUNIYILD QULT FD I,09254F100,09254F,long,common,955202,82345,0.011,911131,82981,-636,-0.8,trimmed,yes,1,8819643675,351,BLACKROCK MUNIYIELD QUALITY,Closed-End Fund,openfigi_us
Horizon Kinetics,1056823,2026-06-30,2026-08-11,164,,ASTRAZENECA PLC,G0593M107,G0593M,long,common,950944,5015,0.011,1036588,5256,-241,-4.6,trimmed,yes,1,8819643675,351,,,openfigi_miss
Horizon Kinetics,1056823,2026-06-30,2026-08-11,165,EOG,EOG RES INC,26875P101,26875P,long,common,945861,7291,0.011,1093961,7567,-276,-3.6,trimmed,yes,1,8819643675,351,EOG RESOURCES INC,Common Stock,openfigi_us
Horizon Kinetics,1056823,2026-06-30,2026-08-11,166,CMS,CMS ENERGY CORP,125896100,125896,long,common,933071,12197,0.011,946243,12197,0,0.0,flat,no,1,8819643675,351,,,cached
Horizon Kinetics,1056823,2026-06-30,2026-08-11,167,MCD,MCDONALDS CORP,580135101,580135,long,common,929596,3439,0.011,1068807,3439,0,0.0,flat,no,1,8819643675,351,,,cached
Horizon Kinetics,1056823,2026-06-30,2026-08-11,168,JFR,NUVEEN FLOATING RATE INCOME,67072T108,67072T,long,common,908512,118450,0.01,897196,119308,-858,-0.7,trimmed,yes,1,8819643675,351,NUVEEN FLOATING RATE INCOME,Closed-End Fund,openfigi_us
Horizon Kinetics,1056823,2026-06-30,2026-08-11,169,WEN,WENDYS CO,95058W100,95058W,long,common,901977,108803,0.01,1870780,269177,-160374,-59.6,trimmed,yes,1,8819643675,351,WENDY'S CO/THE,Common Stock,openfigi_us
Horizon Kinetics,1056823,2026-06-30,2026-08-11,170,OIH,VANECK ETF TRUST,92189H607,92189H,long,common,897437,2412,0.01,975064,2412,0,0.0,flat,yes,1,8819643675,351,VANECK OIL SERVICES ETF,ETP,openfigi_us
Horizon Kinetics,1056823,2026-06-30,2026-08-11,171,BAC,BANK OF AMER CORP,060505104,060505,long,common,896580,15735,0.01,802425,16460,-725,-4.4,trimmed,yes,1,8819643675,351,,,cached
Horizon Kinetics,1056823,2026-06-30,2026-08-11,172,QCOM,QUALCOMM INC,747525103,747525,long,common,882742,4777,0.01,709835,5512,-735,-13.3,trimmed,no,1,8819643675,351,,,cached
Horizon Kinetics,1056823,2026-06-30,2026-08-11,173,ABT,ABBOTT LABORATORIES,002824100,002824,long,common,881630,9716,0.01,982141,9566,150,1.6,added,no,1,8819643675,351,,,cached
Horizon Kinetics,1056823,2026-06-30,2026-08-11,174,IONS,IONIS PHARMACEUTICALS INC,462222100,462222,long,common,864578,10904,0.01,858129,11428,-524,-4.6,trimmed,no,1,8819643675,351,,,cached
Horizon Kinetics,1056823,2026-06-30,2026-08-11,175,URI,UNITED RENTALS INC,911363109,911363,long,common,856465,756,0.01,550791,756,0,0.0,flat,yes,1,8819643675,351,UNITED RENTALS INC,Common Stock,openfigi_us
Horizon Kinetics,1056823,2026-06-30,2026-08-11,176,HUBB,HUBBELL INC,443510607,443510,long,common,855432,1635,0.01,1733294,3532,-1897,-53.7,trimmed,yes,1,8819643675,351,HUBBELL INC,Common Stock,openfigi_us
Horizon Kinetics,1056823,2026-06-30,2026-08-11,177,BAH,BOOZ ALLEN HAMILTON HLDG COR,099502106,099502,long,common,853688,14071,0.01,1092108,13996,75,0.5,added,no,1,8819643675,351,,,cached
Horizon Kinetics,1056823,2026-06-30,2026-08-11,178,PDI,PIMCO DYNAMIC INCOME FD,72201Y101,72201Y,long,common,852351,51039,0.01,880806,51479,-440,-0.9,trimmed,yes,1,8819643675,351,PIMCO DYNAMIC INCOME FUND,Closed-End Fund,openfigi_us
Horizon Kinetics,1056823,2026-06-30,2026-08-11,179,SPY,STATE STR SPDR S&P 500 ETF T,78462F103,78462F,long,common,852065,1141,0.01,809023,1244,-103,-8.3,trimmed,no,1,8819643675,351,,,cached
Horizon Kinetics,1056823,2026-06-30,2026-08-11,180,KMB,KIMBERLY-CLARK CORP,494368103,494368,long,common,838204,7636,0.01,0,0,7636,,new,yes,1,8819643675,351,KIMBERLY-CLARK CORP,Common Stock,openfigi_us
Horizon Kinetics,1056823,2026-06-30,2026-08-11,181,AMGN,AMGEN INC,031162100,031162,long,common,832876,2300,0.009,844088,2399,-99,-4.1,trimmed,yes,1,8819643675,351,AMGEN INC,Common Stock,openfigi_us
Horizon Kinetics,1056823,2026-06-30,2026-08-11,182,SAN,BANCO SANTANDER SA,05964H105,05964H,long,common,832278,60310,0.009,702857,62310,-2000,-3.2,trimmed,yes,1,8819643675,351,BANCO SANTANDER SA-SPON ADR,ADR,openfigi_us
Horizon Kinetics,1056823,2026-06-30,2026-08-11,183,DHR,DANAHER CORP DEL,235851102,235851,long,common,824969,4331,0.009,826466,4359,-28,-0.6,trimmed,no,1,8819643675,351,,,cached
Horizon Kinetics,1056823,2026-06-30,2026-08-11,184,ELS,EQUITY LIFESTYLE PROPERTIES,29472R108,29472R,long,common,763733,11850,0.009,1183171,18955,-7105,-37.5,trimmed,yes,1,8819643675,351,EQUITY LIFESTYLE PROPERTIES,REIT,openfigi_us
Horizon Kinetics,1056823,2026-06-30,2026-08-11,185,GIS,GENERAL MILLS INC,370334104,370334,long,common,753768,21660,0.009,1119950,30090,-8430,-28.0,trimmed,yes,1,8819643675,351,GENERAL MILLS INC,Common Stock,openfigi_us
Horizon Kinetics,1056823,2026-06-30,2026-08-11,186,BRK/A,BERKSHIRE HATHAWAY INC DEL,084670108,084670,long,common,748850,1,0.008,718140,1,0,0.0,flat,yes,1,8819643675,351,BERKSHIRE HATHAWAY INC-CL A,Common Stock,openfigi_us
Horizon Kinetics,1056823,2026-06-30,2026-08-11,187,SIRI,SIRIUSXM HOLDINGS INC,829933100,829933,long,common,744290,25196,0.008,595649,25808,-612,-2.4,trimmed,yes,1,8819643675,351,SIRIUS XM HOLDINGS INC,Common Stock,openfigi_us
Horizon Kinetics,1056823,2026-06-30,2026-08-11,188,NVO,NOVO-NORDISK A S,670100205,670100,long,common,735879,15350,0.008,564113,15350,0,0.0,flat,yes,1,8819643675,351,,,cached
Horizon Kinetics,1056823,2026-06-30,2026-08-11,189,HON,HONEYWELL INTL INC,438516205,438516,long,common,735735,3286,0.008,0,0,3286,,new,no,1,8819643675,351,,,cached
Horizon Kinetics,1056823,2026-06-30,2026-08-11,190,PFL,PIMCO INCOME STRATEGY FD,72201H108,72201H,long,common,734826,93252,0.008,746016,93252,0,0.0,flat,yes,1,8819643675,351,PIMCO INCOME STRATEGY FUND,Closed-End Fund,openfigi_us
Horizon Kinetics,1056823,2026-06-30,2026-08-11,191,,LINDE PLC,G54950103,G54950,long,common,726516,1400,0.008,694064,1400,0,0.0,flat,no,1,8819643675,351,,,openfigi_miss
Horizon Kinetics,1056823,2026-06-30,2026-08-11,192,HONA,HONEYWELL AEROSPACE INC,43849R105,43849R,long,common,726469,3286,0.008,0,0,3286,,new,no,1,8819643675,351,,,cached
Horizon Kinetics,1056823,2026-06-30,2026-08-11,193,UNH,UNITEDHEALTH GROUP INC,91324P102,91324P,long,common,725274,1745,0.008,458650,1695,50,2.9,added,no,1,8819643675,351,,,cached
Horizon Kinetics,1056823,2026-06-30,2026-08-11,194,AEHR,AEHR TEST SYS,00760J108,00760J,long,common,699317,7280,0.008,800928,21600,-14320,-66.3,trimmed,yes,1,8819643675,351,AEHR TEST SYSTEMS,Common Stock,openfigi_us
Horizon Kinetics,1056823,2026-06-30,2026-08-11,195,VMI,VALMONT INDS INC,920253101,920253,long,common,693698,1201,0.008,479884,1201,0,0.0,flat,yes,1,8819643675,351,VALMONT INDUSTRIES,Common Stock,openfigi_us
Horizon Kinetics,1056823,2026-06-30,2026-08-11,196,AMG,AFFILIATED MANAGERS GROUP,008252108,008252,long,common,676123,1998,0.008,552847,1998,0,0.0,flat,yes,1,8819643675,351,AFFILIATED MANAGERS GROUP,Common Stock,openfigi_us
Horizon Kinetics,1056823,2026-06-30,2026-08-11,197,RSP,INVESCO EXCHANGE TRADED FD T,46137V357,46137V,long,common,666252,3131,0.008,598474,3118,13,0.4,added,no,1,8819643675,351,,,cached
Horizon Kinetics,1056823,2026-06-30,2026-08-11,198,ALNY,ALNYLAM PHARMACEUTICALS INC,02043Q107,02043Q,long,common,652633,2168,0.007,751737,2272,-104,-4.6,trimmed,yes,1,8819643675,351,,,cached
Horizon Kinetics,1056823,2026-06-30,2026-08-11,199,XFRAX,BLACKROCK FLOATING RATE INCO,09255X100,09255X,long,common,651608,59291,0.007,653387,59291,0,0.0,flat,yes,1,8819643675,351,BLACKROCK FLTNG RT INC STRAT,Closed-End Fund,openfigi_us
Horizon Kinetics,1056823,2026-06-30,2026-08-11,200,IAU,ISHARES GOLD TR,464285204,464285,long,common,646819,8566,0.007,755179,8566,0,0.0,flat,yes,1,8819643675,351,ISHARES GOLD TRUST,ETP,openfigi_us
Horizon Kinetics,1056823,2026-06-30,2026-08-11,201,RQI,COHEN & STEERS QUALITY INCOM,19247L106,19247L,long,common,615906,50033,0.007,602898,50033,0,0.0,flat,yes,1,8819643675,351,COHEN & STEERS QUAL INC RLTY,Closed-End Fund,openfigi_us
Horizon Kinetics,1056823,2026-06-30,2026-08-11,202,DGX,QUEST DIAGNOSTICS INC,74834L100,74834L,long,common,614655,2900,0.007,568342,2900,0,0.0,flat,yes,1,8819643675,351,QUEST DIAGNOSTICS INC,Common Stock,openfigi_us
Horizon Kinetics,1056823,2026-06-30,2026-08-11,203,GS,GOLDMAN SACHS GROUP INC,38141G104,38141G,long,common,604799,598,0.007,527052,623,-25,-4.0,trimmed,yes,1,8819643675,351,,,cached
Horizon Kinetics,1056823,2026-06-30,2026-08-11,204,BX,BLACKSTONE INC,09260D107,09260D,long,common,599176,5092,0.007,585529,5092,0,0.0,flat,no,1,8819643675,351,,,cached
Horizon Kinetics,1056823,2026-06-30,2026-08-11,205,BIIB,BIOGEN INC,09062X103,09062X,long,common,588980,2726,0.007,523774,2857,-131,-4.6,trimmed,yes,1,8819643675,351,BIOGEN INC,Common Stock,openfigi_us
Horizon Kinetics,1056823,2026-06-30,2026-08-11,206,GDXJ,VANECK ETF TRUST,92189F791,92189F,long,common,543421,5531,0.006,666942,5556,-25,-0.4,trimmed,yes,1,8819643675,351,VANECK JUNIOR GOLD MINERS,ETP,openfigi_us
Horizon Kinetics,1056823,2026-06-30,2026-08-11,207,META,META PLATFORMS INC,30303M102,30303M,long,common,542971,964,0.006,324916,568,396,69.7,added,no,1,8819643675,351,,,cached
Horizon Kinetics,1056823,2026-06-30,2026-08-11,208,PCYO,PURE CYCLE CORP,746228303,746228,long,common,541133,50526,0.006,508342,50531,-5,-0.0,trimmed,yes,1,8819643675,351,PURE CYCLE CORP,Common Stock,openfigi_us
Horizon Kinetics,1056823,2026-06-30,2026-08-11,209,RYAM,RAYONIER ADVANCED MATLS INC,75508B104,75508B,long,common,538410,68500,0.006,758295,68500,0,0.0,flat,yes,1,8819643675,351,RAYONIER ADVANCED MATERIALS,Common Stock,openfigi_us
Horizon Kinetics,1056823,2026-06-30,2026-08-11,210,NEM,NEWMONT CORP,651639106,651639,long,common,523040,5600,0.006,695073,6421,-821,-12.8,trimmed,yes,1,8819643675,351,NEWMONT CORP,Common Stock,openfigi_us
Horizon Kinetics,1056823,2026-06-30,2026-08-11,211,DSL,DOUBLELINE INCOME SOLUTIONS,258622109,258622,long,common,510452,46153,0.006,578993,53462,-7309,-13.7,trimmed,yes,1,8819643675,351,DOUBLELINE INCOME SOLUTIONS,Closed-End Fund,openfigi_us
Horizon Kinetics,1056823,2026-06-30,2026-08-11,212,,CRISPR THERAPEUTICS AG,H17182108,H17182,long,common,510113,9353,0.006,465996,9796,-443,-4.5,trimmed,yes,1,8819643675,351,,,openfigi_miss
Horizon Kinetics,1056823,2026-06-30,2026-08-11,213,BWXT,BWX TECHNOLOGIES INC,05605H100,05605H,long,common,498888,2563,0.006,541285,2647,-84,-3.2,trimmed,yes,1,8819643675,351,,,cached
Horizon Kinetics,1056823,2026-06-30,2026-08-11,214,STZ,CONSTELLATION BRANDS INC,21036P108,21036P,long,common,497247,3575,0.006,700950,4673,-1098,-23.5,trimmed,yes,1,8819643675,351,CONSTELLATION BRANDS INC-A,Common Stock,openfigi_us
Horizon Kinetics,1056823,2026-06-30,2026-08-11,215,TEXX,LISTED FDS TR,53656H728,53656H,long,common,491918,17099,0.006,443200,15737,1362,8.7,added,yes,1,8819643675,351,HORIZON KINETICS TEXAS ETF,ETP,openfigi_us
Horizon Kinetics,1056823,2026-06-30,2026-08-11,216,PHYS,SPROTT ASSET MANAGEMENT LP,85207H104,85207H,long,common,490625,16262,0.006,576325,16262,0,0.0,flat,yes,1,8819643675,351,,,cached
Horizon Kinetics,1056823,2026-06-30,2026-08-11,217,,COSTAMARE BULKERS HLDGS LTD,Y2001C101,Y2001C,long,common,484305,27580,0.005,426663,27580,0,0.0,flat,yes,1,8819643675,351,,,openfigi_miss
Horizon Kinetics,1056823,2026-06-30,2026-08-11,218,XES,SPDR SERIES TRUST,78468R549,78468R,long,common,482504,4305,0.005,671806,5775,-1470,-25.5,trimmed,yes,1,8819643675,351,SS SPDR S&P OG EQP & SERV,ETP,openfigi_us
Horizon Kinetics,1056823,2026-06-30,2026-08-11,219,UPS,UNITED PARCEL SVCS INC,911312106,911312,long,common,479450,4460,0.005,0,0,4460,,new,yes,1,8819643675,351,,,cached
Horizon Kinetics,1056823,2026-06-30,2026-08-11,220,ZCSH,GRAYSCALE ZCASH TR ZEC COM,38964G108,38964G,long,common,479264,17883,0.005,313614,15173,2710,17.9,added,yes,1,8819643675,351,GRAYSCALE ZCASH TRUST,Closed-End Fund,openfigi_us
Horizon Kinetics,1056823,2026-06-30,2026-08-11,221,CRCL,CIRCLE INTERNET GROUP INC,172573107,172573,long,common,478243,7636,0.005,661382,6932,704,10.2,added,yes,1,8819643675,351,,,cached
Horizon Kinetics,1056823,2026-06-30,2026-08-11,222,LEN,LENNAR CORP,526057104,526057,long,common,478147,5284,0.005,426730,4914,370,7.5,added,yes,1,8819643675,351,,,cached
Horizon Kinetics,1056823,2026-06-30,2026-08-11,223,MOV,MOVADO GROUP INC,624580106,624580,long,common,471720,12000,0.005,293040,12000,0,0.0,flat,yes,1,8819643675,351,MOVADO GROUP INC,Common Stock,openfigi_us
Horizon Kinetics,1056823,2026-06-30,2026-08-11,224,MDLZ,MONDELEZ INTL INC,609207105,609207,long,common,471512,8152,0.005,475184,8244,-92,-1.1,trimmed,yes,1,8819643675,351,MONDELEZ INTERNATIONAL INC-A,Common Stock,openfigi_us
Horizon Kinetics,1056823,2026-06-30,2026-08-11,225,FHI,FEDERATED HERMES INC,314211103,314211,long,common,464897,8419,0.005,485948,8569,-150,-1.8,trimmed,yes,1,8819643675,351,FEDERATED HERMES INC,Common Stock,openfigi_us
Horizon Kinetics,1056823,2026-06-30,2026-08-11,226,KRP,KIMBELL RTY PARTNERS LP,49435R102,49435R,long,unit,457212,31467,0.005,525836,36340,-4873,-13.4,trimmed,yes,1,8819643675,351,KIMBELL ROYALTY PARTNERS LP,Unit,openfigi_us
Horizon Kinetics,1056823,2026-06-30,2026-08-11,227,AXP,AMERICAN EXPRESS CO,025816109,025816,long,common,441755,1306,0.005,395039,1306,0,0.0,flat,yes,1,8819643675,351,AMERICAN EXPRESS CO,Common Stock,openfigi_us
Horizon Kinetics,1056823,2026-06-30,2026-08-11,228,MMM,3M CO,88579Y101,88579Y,long,common,437157,2700,0.005,726150,5000,-2300,-46.0,trimmed,yes,1,8819643675,351,,,cached
Horizon Kinetics,1056823,2026-06-30,2026-08-11,229,NBH,NEUBERGER MUN FD INC,64124P101,64124P,long,common,436728,41396,0.005,420169,41396,0,0.0,flat,yes,1,8819643675,351,NEUBERGER MUNICIPAL FUND INC,Closed-End Fund,openfigi_us
Horizon Kinetics,1056823,2026-06-30,2026-08-11,230,EBAY,EBAY INC.,278642103,278642,long,common,424985,3803,0.005,668724,7347,-3544,-48.2,trimmed,yes,1,8819643675,351,EBAY INC,Common Stock,openfigi_us
Horizon Kinetics,1056823,2026-06-30,2026-08-11,231,CNP,CENTERPOINT ENERGY INC,15189T107,15189T,long,common,424590,9641,0.005,436693,10118,-477,-4.7,trimmed,yes,1,8819643675,351,,,cached
Horizon Kinetics,1056823,2026-06-30,2026-08-11,232,GWW,WW GRAINGER INC,384802104,384802,long,common,410841,302,0.005,332697,305,-3,-1.0,trimmed,yes,1,8819643675,351,WW GRAINGER INC,Common Stock,openfigi_us
Horizon Kinetics,1056823,2026-06-30,2026-08-11,233,BTZ,BLACKROCK CR ALLOCATION,092508100,092508,long,common,405734,39700,0.005,409393,40534,-834,-2.1,trimmed,yes,1,8819643675,351,BLACKROCK CREDIT ALLOCATION,Closed-End Fund,openfigi_us
Horizon Kinetics,1056823,2026-06-30,2026-08-11,234,GM,GENERAL MTRS CO,37045V100,37045V,long,common,404670,5250,0.005,391125,5250,0,0.0,flat,yes,1,8819643675,351,,,cached
Horizon Kinetics,1056823,2026-06-30,2026-08-11,235,OXY,OCCIDENTAL PETE CORP,674599105,674599,long,common,404637,8331,0.005,575250,8850,-519,-5.9,trimmed,yes,1,8819643675,351,OCCIDENTAL PETROLEUM CORP,Common Stock,openfigi_us
Horizon Kinetics,1056823,2026-06-30,2026-08-11,236,REGN,REGENERON PHARMACEUTICALS,75886F107,75886F,long,common,402183,645,0.005,521532,675,-30,-4.4,trimmed,yes,1,8819643675,351,,,cached
Horizon Kinetics,1056823,2026-06-30,2026-08-11,237,B,BARRICK MNG CORP,06849F108,06849F,long,common,397361,10818,0.005,440419,10797,21,0.2,added,yes,1,8819643675,351,BARRICK MINING CORP,Common Stock,openfigi_us
Horizon Kinetics,1056823,2026-06-30,2026-08-11,238,MHD,BLACKROCK MUNIHOLDINGS FD IN,09253N104,09253N,long,common,395247,33214,0.004,840698,74530,-41316,-55.4,trimmed,yes,1,8819643675,351,BLACKROCK MUNIHOLDINGS FUND,Closed-End Fund,openfigi_us
Horizon Kinetics,1056823,2026-06-30,2026-08-11,239,FMN,FEDERATED HERMES PREM MUNI I,31423P108,31423P,long,common,392613,34170,0.004,373478,34170,0,0.0,flat,yes,1,8819643675,351,FEDERATED HERM PREM MUNI INC,Closed-End Fund,openfigi_us
Horizon Kinetics,1056823,2026-06-30,2026-08-11,240,BSV,VANGUARD BD INDEX FDS,921937827,921937,long,common,389628,5001,0.004,392128,5001,0,0.0,flat,yes,1,8819643675,351,VANGUARD SHORT-TERM BOND ETF,ETP,openfigi_us
Horizon Kinetics,1056823,2026-06-30,2026-08-11,241,RYN,RAYONIER INC,754907103,754907,long,common,386743,18174,0.004,629659,30536,-12362,-40.5,trimmed,yes,1,8819643675,351,RAYONIER INC,REIT,openfigi_us
Horizon Kinetics,1056823,2026-06-30,2026-08-11,242,NBB,NUVEEN TAXABLE MUNICPAL INM,67074C103,67074C,long,common,378357,23977,0.004,388994,24840,-863,-3.5,trimmed,yes,1,8819643675,351,NUVEEN TAXABLE MUNICIPAL INC,Closed-End Fund,openfigi_us
Horizon Kinetics,1056823,2026-06-30,2026-08-11,243,GBX,GREENBRIER COS INC,393657101,393657,long,common,377377,7700,0.004,458055,8700,-1000,-11.5,trimmed,yes,1,8819643675,351,GREENBRIER COMPANIES INC,Common Stock,openfigi_us
Horizon Kinetics,1056823,2026-06-30,2026-08-11,244,FIS,FIDELITY NATL INFORMATION SV,31620M106,31620M,long,common,377136,9700,0.004,206404,4400,5300,120.5,added,yes,1,8819643675,351,FIDELITY NATIONAL INFO SERV,Common Stock,openfigi_us
Horizon Kinetics,1056823,2026-06-30,2026-08-11,245,CRAI,CRA INTL INC,12618T105,12618T,long,common,372846,2620,0.004,1132389,6995,-4375,-62.5,trimmed,yes,1,8819643675,351,CRA INTERNATIONAL INC,Common Stock,openfigi_us
Horizon Kinetics,1056823,2026-06-30,2026-08-11,246,MOD,MODINE MFG CO,607828100,607828,long,common,355137,1330,0.004,299060,1380,-50,-3.6,trimmed,yes,1,8819643675,351,,,cached
Horizon Kinetics,1056823,2026-06-30,2026-08-11,247,AFL,AFLAC INC,001055102,001055,long,common,351750,3000,0.004,329130,3000,0,0.0,flat,yes,1,8819643675,351,AFLAC INC,Common Stock,openfigi_us
Horizon Kinetics,1056823,2026-06-30,2026-08-11,248,BP,BP PLC,055622104,055622,long,common,342379,9266,0.004,444902,9466,-200,-2.1,trimmed,yes,1,8819643675,351,,,cached
Horizon Kinetics,1056823,2026-06-30,2026-08-11,249,VZ,VERIZON COMMUNICATIONS INC,92343V104,92343V,long,common,341514,8066,0.004,377052,7511,555,7.4,added,no,1,8819643675,351,,,cached
Horizon Kinetics,1056823,2026-06-30,2026-08-11,250,VTI,VANGUARD INDEX FDS,922908769,922908,long,common,341177,922,0.004,295787,922,0,0.0,flat,yes,1,8819643675,351,VG MORNINGSTAR TS MKT ETF-US,ETP,openfigi_us
Horizon Kinetics,1056823,2026-06-30,2026-08-11,251,NVIR,LISTED FDS TR,53656G514,53656G,long,common,339760,8760,0.004,360701,8960,-200,-2.2,trimmed,yes,1,8819643675,351,HORIZON KIN ENRG & REMED ETF,ETP,openfigi_us
Horizon Kinetics,1056823,2026-06-30,2026-08-11,252,,EATON CORP PLC,G29183103,G29183,long,common,339618,797,0.004,285063,797,0,0.0,flat,no,1,8819643675,351,,,openfigi_miss
Horizon Kinetics,1056823,2026-06-30,2026-08-11,253,SLB,SLB LIMITED,806857108,806857,long,common,338866,7289,0.004,401818,7819,-530,-6.8,trimmed,yes,1,8819643675,351,SLB LTD,Common Stock,openfigi_us
Horizon Kinetics,1056823,2026-06-30,2026-08-11,254,LLYVK,LIBERTY LIVE HOLDINGS INC,530909308,530909,long,common,336569,3186,0.004,336537,3576,-390,-10.9,trimmed,yes,1,8819643675,351,LIBERTY LIVE HOLDINGS-C,Common Stock,openfigi_us
Horizon Kinetics,1056823,2026-06-30,2026-08-11,255,NZF,NUVEEN MUN CR INCOME FD,67070X101,67070X,long,common,335323,26445,0.004,322100,26445,0,0.0,flat,yes,1,8819643675,351,NUVEEN MUNICIPAL CREDIT INC,Closed-End Fund,openfigi_us
Horizon Kinetics,1056823,2026-06-30,2026-08-11,256,GDX,VANECK ETF TRUST,92189F106,92189F,long,common,327151,4336,0.004,459859,5011,-675,-13.5,trimmed,yes,1,8819643675,351,,,cached
Horizon Kinetics,1056823,2026-06-30,2026-08-11,257,WOOD,ISHARES TR,464288174,464288,long,common,325588,4915,0.004,373195,5260,-345,-6.6,trimmed,yes,1,8819643675,351,ISHARES GLOBAL TIMBER & FORE,ETP,openfigi_us
Horizon Kinetics,1056823,2026-06-30,2026-08-11,258,PSIX,POWER SOLUTIONS INTL INC,73933G202,73933G,long,common,322787,8300,0.004,304400,5000,3300,66.0,added,yes,1,8819643675,351,,,cached
Horizon Kinetics,1056823,2026-06-30,2026-08-11,259,FANG,DIAMONDBACK ENERGY INC,25278X109,25278X,long,common,322381,1834,0.004,395976,2002,-168,-8.4,trimmed,yes,1,8819643675,351,DIAMONDBACK ENERGY INC,Common Stock,openfigi_us
Horizon Kinetics,1056823,2026-06-30,2026-08-11,260,AJG,GALLAGHER ARTHUR J & CO,363576109,363576,long,common,310838,1354,0.004,422981,1953,-599,-30.7,trimmed,yes,1,8819643675,351,,,cached
Horizon Kinetics,1056823,2026-06-30,2026-08-11,261,JPM,JPMORGAN CHASE & CO,46625H100,46625H,long,common,293288,896,0.003,423002,1438,-542,-37.7,trimmed,no,1,8819643675,351,,,cached
Horizon Kinetics,1056823,2026-06-30,2026-08-11,262,NAN,NUVEEN NY DIVI ADV,67066X107,67066X,long,common,292112,24903,0.003,277668,24903,0,0.0,flat,yes,1,8819643675,351,NUVEEN NY QLTY MUNI INC,Closed-End Fund,openfigi_us
Horizon Kinetics,1056823,2026-06-30,2026-08-11,263,FBTC,FIDELITY WISE ORIGIN BITCOIN,315948109,315948,long,common,290015,5681,0.003,335349,5681,0,0.0,flat,yes,1,8819643675,351,FIDELITY WISE ORIGIN BITCOIN,ETP,openfigi_us
Horizon Kinetics,1056823,2026-06-30,2026-08-11,264,BEAM,BEAM THERAPEUTICS INC,07373V105,07373V,long,common,287876,8388,0.003,209490,8791,-403,-4.6,trimmed,no,1,8819643675,351,,,cached
Horizon Kinetics,1056823,2026-06-30,2026-08-11,265,DIS,DISNEY WALT CO,254687106,254687,long,common,287788,2990,0.003,456841,4740,-1750,-36.9,trimmed,no,1,8819643675,351,,,cached
Horizon Kinetics,1056823,2026-06-30,2026-08-11,266,,BURFORD CAPITAL LIMITED,G17977110,G17977,long,common,279259,68112,0.003,176895,39136,28976,74.0,added,yes,1,8819643675,351,,,openfigi_miss
Horizon Kinetics,1056823,2026-06-30,2026-08-11,267,ETCG,GRAYSCALE ETHEREUM CLASSIC TRUST,38963Q107,38963Q,long,common,274051,71182,0.003,313245,71192,-10,-0.0,trimmed,yes,1,8819643675,351,GRAYSCALE ETHEREUM CLASSIC T,Closed-End Fund,openfigi_us
Horizon Kinetics,1056823,2026-06-30,2026-08-11,268,DBL,DOUBLELINE OPPORTUNISTIC CR,258623107,258623,long,common,273896,19047,0.003,298877,20471,-1424,-7.0,trimmed,yes,1,8819643675,351,DOUBLELINE OPPORT CREDIT,Closed-End Fund,openfigi_us
Horizon Kinetics,1056823,2026-06-30,2026-08-11,269,CL,COLGATE PALMOLIVE CO,194162103,194162,long,common,273023,2978,0.003,253815,2978,0,0.0,flat,yes,1,8819643675,351,COLGATE-PALMOLIVE CO,Common Stock,openfigi_us
Horizon Kinetics,1056823,2026-06-30,2026-08-11,270,AVGO,BROADCOM INC,11135F101,11135F,long,common,272736,722,0.003,278249,899,-177,-19.7,trimmed,no,1,8819643675,351,,,cached
Horizon Kinetics,1056823,2026-06-30,2026-08-11,271,COP,CONOCOPHILLIPS,20825C104,20825C,long,common,271855,2615,0.003,371052,2811,-196,-7.0,trimmed,yes,1,8819643675,351,CONOCOPHILLIPS,Common Stock,openfigi_us
Horizon Kinetics,1056823,2026-06-30,2026-08-11,272,L,LOEWS CORP,540424108,540424,long,common,270685,2391,0.003,689540,6460,-4069,-63.0,trimmed,yes,1,8819643675,351,LOEWS CORP,Common Stock,openfigi_us
Horizon Kinetics,1056823,2026-06-30,2026-08-11,273,BHP,BHP BILLITON LIMITED,088606108,088606,long,common,269175,3231,0.003,235023,3231,0,0.0,flat,yes,1,8819643675,351,BHP GROUP LTD-SPON ADR,ADR,openfigi_us
Horizon Kinetics,1056823,2026-06-30,2026-08-11,274,PNI,PIMCO NEW YORK MUN FD II,72200Y102,72200Y,long,common,266825,37634,0.003,257793,37634,0,0.0,flat,yes,1,8819643675,351,PIMCO NY MUNI INC II FND,Closed-End Fund,openfigi_us
Horizon Kinetics,1056823,2026-06-30,2026-08-11,275,ERII,ENERGY RECOVERY INC,29270J100,29270J,long,common,260931,28928,0.003,291305,28928,0,0.0,flat,yes,1,8819643675,351,ENERGY RECOVERY INC,Common Stock,openfigi_us
Horizon Kinetics,1056823,2026-06-30,2026-08-11,276,ENB,ENBRIDGE INC,29250N105,29250N,long,common,258961,4777,0.003,0,0,4777,,new,yes,1,8819643675,351,ENBRIDGE INC,Common Stock,openfigi_us
Horizon Kinetics,1056823,2026-06-30,2026-08-11,277,GPC,GENUINE PARTS CO,372460105,372460,long,common,258376,2190,0.003,231593,2190,0,0.0,flat,yes,1,8819643675,351,,,cached
Horizon Kinetics,1056823,2026-06-30,2026-08-11,278,LMT,LOCKHEED MARTIN CORP,539830109,539830,long,common,258296,507,0.003,306426,507,0,0.0,flat,yes,1,8819643675,351,LOCKHEED MARTIN CORP,Common Stock,openfigi_us
Horizon Kinetics,1056823,2026-06-30,2026-08-11,279,AMZN,AMAZON COM INC,023135106,023135,long,common,257645,1081,0.003,247216,1187,-106,-8.9,trimmed,no,1,8819643675,351,,,cached
Horizon Kinetics,1056823,2026-06-30,2026-08-11,280,MKTX,MARKETAXESS HLDGS INC,57060D108,57060D,long,common,255806,2254,0.003,346788,2102,152,7.2,added,yes,1,8819643675,351,MARKETAXESS HOLDINGS INC,Common Stock,openfigi_us
Horizon Kinetics,1056823,2026-06-30,2026-08-11,281,CTAS,CINTAS CORP,172908105,172908,long,common,251718,1480,0.003,253203,1497,-17,-1.1,trimmed,yes,1,8819643675,351,CINTAS CORP,Common Stock,openfigi_us
Horizon Kinetics,1056823,2026-06-30,2026-08-11,282,NEE,NEXTERA ENERGY INC,65339F101,65339F,long,common,251022,2860,0.003,265637,2860,0,0.0,flat,yes,1,8819643675,351,,,cached
Horizon Kinetics,1056823,2026-06-30,2026-08-11,283,PEP,PEPSICO INC,713448108,713448,long,common,249136,1840,0.003,285734,1840,0,0.0,flat,yes,1,8819643675,351,PEPSICO INC,Common Stock,openfigi_us
Horizon Kinetics,1056823,2026-06-30,2026-08-11,284,DORM,DORMAN PRODS INC,258278100,258278,long,common,245610,1800,0.003,0,0,1800,,new,yes,1,8819643675,351,DORMAN PRODUCTS INC,Common Stock,openfigi_us
Horizon Kinetics,1056823,2026-06-30,2026-08-11,285,EFXT,ENERFLEX LTD,29269R105,29269R,long,common,244855,9990,0.003,208991,9990,0,0.0,flat,yes,1,8819643675,351,ENERFLEX LTD,Common Stock,openfigi_us
Horizon Kinetics,1056823,2026-06-30,2026-08-11,286,CQP,CHENIERE ENERGY PARTNERS L P,16411Q101,16411Q,long,common,243800,4000,0.003,258520,4000,0,0.0,flat,yes,1,8819643675,351,CHENIERE ENERGY PARTNERS LP,MLP,openfigi_us
Horizon Kinetics,1056823,2026-06-30,2026-08-11,287,WY,WEYERHAEUSER CO,962166104,962166,long,common,241339,10081,0.003,252973,10355,-274,-2.6,trimmed,yes,1,8819643675,351,WEYERHAEUSER CO,REIT,openfigi_us
Horizon Kinetics,1056823,2026-06-30,2026-08-11,288,LOW,LOWES COS INC,548661107,548661,long,common,235483,1068,0.003,252347,1068,0,0.0,flat,yes,1,8819643675,351,,,cached
Horizon Kinetics,1056823,2026-06-30,2026-08-11,289,AMT,AMERICAN TOWER CORP,03027X100,03027X,long,common,228998,1400,0.003,241612,1400,0,0.0,flat,yes,1,8819643675,351,AMERICAN TOWER CORP,REIT,openfigi_us
Horizon Kinetics,1056823,2026-06-30,2026-08-11,290,IQI,INVESCO QUALITY MUN INCOME T,46133G107,46133G,long,common,222286,21965,0.003,211303,21965,0,0.0,flat,yes,1,8819643675,351,INVESCO QUALITY MUNI INC TR,Closed-End Fund,openfigi_us
Horizon Kinetics,1056823,2026-06-30,2026-08-11,291,TMO,THERMO FISHER SCIENTIFIC INC,883556102,883556,long,common,219596,438,0.002,215290,438,0,0.0,flat,no,1,8819643675,351,,,cached
Horizon Kinetics,1056823,2026-06-30,2026-08-11,292,GALT,GALECTIN THERAPEUTICS INC,363225202,363225,long,common,217932,46968,0.002,137341,49226,-2258,-4.6,trimmed,yes,1,8819643675,351,GALECTIN THERAPEUTICS INC,Common Stock,openfigi_us
Horizon Kinetics,1056823,2026-06-30,2026-08-11,293,BA,BOEING CO,097023105,097023,long,common,217769,1006,0.002,200224,1006,0,0.0,flat,no,1,8819643675,351,,,cached
Horizon Kinetics,1056823,2026-06-30,2026-08-11,294,LLYVA,LIBERTY LIVE HOLDINGS INC,530909100,530909,long,common,216089,2134,0.002,210314,2295,-161,-7.0,trimmed,yes,1,8819643675,351,LIBERTY LIVE HOLDINGS-A,Common Stock,openfigi_us
Horizon Kinetics,1056823,2026-06-30,2026-08-11,295,NTLA,INTELLIA THERAPEUTICS INC,45826J105,45826J,long,common,212921,12584,0.002,169070,13188,-604,-4.6,trimmed,no,1,8819643675,351,,,cached
Horizon Kinetics,1056823,2026-06-30,2026-08-11,296,XEFRX,EATON VANCE SR FLTNG RTE TR,27828Q105,27828Q,long,common,212011,20001,0.002,210811,20001,0,0.0,flat,yes,1,8819643675,351,EATON VANCE SR FLTG RATE TR,Closed-End Fund,openfigi_us
Horizon Kinetics,1056823,2026-06-30,2026-08-11,297,NRG,NRG ENERGY INC,629377508,629377,long,common,208282,1426,0.002,209711,1435,-9,-0.6,trimmed,no,1,8819643675,351,,,cached
Horizon Kinetics,1056823,2026-06-30,2026-08-11,298,NIM,NUVEEN SELECT MAT MUN FD,67061T101,67061T,long,common,202530,21500,0.002,203175,21500,0,0.0,flat,yes,1,8819643675,351,NUVEEN SELECT MATURIT MUNI,Closed-End Fund,openfigi_us
Horizon Kinetics,1056823,2026-06-30,2026-08-11,299,WTTR,SELECT WATER SOLUTIONS INC,81617J301,81617J,long,common,199800,10000,0.002,0,0,10000,,new,yes,1,8819643675,351,SELECT WATER SOLUTIONS INC,Common Stock,openfigi_us
Horizon Kinetics,1056823,2026-06-30,2026-08-11,300,DBRG,DIGITALBRIDGE GROUP INC,25401T603,25401T,long,common,194899,12351,0.002,14485237,939380,-927029,-98.7,trimmed,no,1,8819643675,351,,,cached
Horizon Kinetics,1056823,2026-06-30,2026-08-11,301,MEDX,LISTED FDS TR,53656G563,53656G,long,common,190510,5189,0.002,172847,5189,0,0.0,flat,yes,1,8819643675,351,HORIZON KINETICS MEDICAL ETF,ETP,openfigi_us
Horizon Kinetics,1056823,2026-06-30,2026-08-11,302,TTI,TETRA TECHNOLOGIES INC DEL,88162F105,88162F,long,common,184906,16320,0.002,139046,16320,0,0.0,flat,yes,1,8819643675,351,TETRA TECHNOLOGIES INC,Common Stock,openfigi_us
Horizon Kinetics,1056823,2026-06-30,2026-08-11,303,LADR,LADDER CAP CORP,505743104,505743,long,common,179100,18000,0.002,175860,18000,0,0.0,flat,yes,1,8819643675,351,LADDER CAPITAL CORP-REIT,REIT,openfigi_us
Horizon Kinetics,1056823,2026-06-30,2026-08-11,304,EIM,EATON VANCE MUN BD FD,27827X101,27827X,long,common,176212,17692,0.002,172851,17692,0,0.0,flat,yes,1,8819643675,351,EATON VANCE MUNICIPAL BOND,Closed-End Fund,openfigi_us
Horizon Kinetics,1056823,2026-06-30,2026-08-11,305,VTN,INVESCO TR INVT GRADE NEW YO,46131T101,46131T,long,common,170678,14739,0.002,161243,14739,0,0.0,flat,yes,1,8819643675,351,INVESCO TR FOR INVEST GRD NY,Closed-End Fund,openfigi_us
Horizon Kinetics,1056823,2026-06-30,2026-08-11,306,NVG,NUVEEN AMT FREE MUN CR INC F,67071L106,67071L,long,common,155853,12176,0.002,150130,12176,0,0.0,flat,yes,1,8819643675,351,NUVEEN AMT-FR MUNI CRDT,Closed-End Fund,openfigi_us
Horizon Kinetics,1056823,2026-06-30,2026-08-11,307,REPL,REPLIMUNE GROUP INC,76029N106,76029N,long,common,139305,12584,0.002,100888,13188,-604,-4.6,trimmed,no,1,8819643675,351,,,cached
Horizon Kinetics,1056823,2026-06-30,2026-08-11,308,VNDA,VANDA PHARMACEUTICALS INC,921659108,921659,long,common,138606,22648,0.002,164016,23736,-1088,-4.6,trimmed,yes,1,8819643675,351,VANDA PHARMACEUTICALS INC,Common Stock,openfigi_us
Horizon Kinetics,1056823,2026-06-30,2026-08-11,309,RA,BROOKFIELD REAL ASSETS INCOM,112830104,112830,long,common,138524,10755,0.002,138309,10755,0,0.0,flat,yes,1,8819643675,351,BROOKFIELD REAL ASSETS INCOM,Closed-End Fund,openfigi_us
Horizon Kinetics,1056823,2026-06-30,2026-08-11,310,IWC,ISHARES TR,464288869,464288,long,common,138028,690,0.002,110131,690,0,0.0,flat,yes,1,8819643675,351,ISHARES MICRO-CAP ETF,ETP,openfigi_us
Horizon Kinetics,1056823,2026-06-30,2026-08-11,311,PCM,PCM FD INC,69323T101,69323T,long,common,136889,24532,0.002,140078,24532,0,0.0,flat,yes,1,8819643675,351,PCM FUND INC,Closed-End Fund,openfigi_us
Horizon Kinetics,1056823,2026-06-30,2026-08-11,312,BGT,BLACKROCK FLOATING RATE INC,091941104,091941,long,common,135147,12678,0.002,136415,12678,0,0.0,flat,yes,1,8819643675,351,BLACKROCK FLTNG RT INC TR,Closed-End Fund,openfigi_us
Horizon Kinetics,1056823,2026-06-30,2026-08-11,313,JPC,NUVEEN PFD & INCOME OPPORTUN,67073B106,67073B,long,common,129437,16426,0.001,123852,16426,0,0.0,flat,yes,1,8819643675,351,NUVEEN PREFERED & INCOME OPP,Closed-End Fund,openfigi_us
Horizon Kinetics,1056823,2026-06-30,2026-08-11,314,MYN,BLACKROCK MUNIYIELD N Y QUAL,09255E102,09255E,long,common,121891,12009,0.001,115286,12009,0,0.0,flat,yes,1,8819643675,351,BLACKROCK MUNIYIELD NY QLTY,Closed-End Fund,openfigi_us
Horizon Kinetics,1056823,2026-06-30,2026-08-11,315,NMZ,NUVEEN MUN HIGH INCOME OPPOR,670682103,670682,long,common,117591,11125,0.001,107630,10369,756,7.3,added,yes,1,8819643675,351,NUVEEN MUNI HI INC OPPORT,Closed-End Fund,openfigi_us
Horizon Kinetics,1056823,2026-06-30,2026-08-11,316,XEVVX,EATON VANCE LIMITED DURATION,27828H105,27828H,long,common,116347,12417,0.001,117341,12417,0,0.0,flat,yes,1,8819643675,351,EATON VANCE LTD DURAT INC,Closed-End Fund,openfigi_us
Horizon Kinetics,1056823,2026-06-30,2026-08-11,317,HLN,HALEON PLC,405552100,405552,long,common,116009,12434,0.001,129129,12900,-466,-3.6,trimmed,yes,1,8819643675,351,HALEON PLC-ADR,ADR,openfigi_us
Horizon Kinetics,1056823,2026-06-30,2026-08-11,318,PML,PIMCO MUN INCOME FD II,72200W106,72200W,long,common,114531,15050,0.001,113929,15050,0,0.0,flat,yes,1,8819643675,351,PIMCO MUNICIPAL INCOME FD II,Closed-End Fund,openfigi_us
Horizon Kinetics,1056823,2026-06-30,2026-08-11,319,EVF,EATON VANCE SR INCOME TR,27826S103,27826S,long,common,108215,21730,0.001,108433,21730,0,0.0,flat,yes,1,8819643675,351,EATON VANCE SENIOR INCOME TR,Closed-End Fund,openfigi_us
Horizon Kinetics,1056823,2026-06-30,2026-08-11,320,NUV,NUVEEN MUN VALUE FD INC,670928100,670928,long,common,106491,11550,0.001,103835,11550,0,0.0,flat,yes,1,8819643675,351,NUVEEN MUNICIPAL VALUE,Closed-End Fund,openfigi_us
Horizon Kinetics,1056823,2026-06-30,2026-08-11,321,KEEL,KEEL INFRASTRUCTURE CORP,486917107,486917,long,common,105042,18300,0.001,0,0,18300,,new,no,1,8819643675,351,,,cached
Horizon Kinetics,1056823,2026-06-30,2026-08-11,322,LTRN,LANTERN PHARMA INC,51654W101,51654W,long,common,104934,25164,0.001,36131,26373,-1209,-4.6,trimmed,yes,1,8819643675,351,LANTERN PHARMA INC,Common Stock,openfigi_us
Horizon Kinetics,1056823,2026-06-30,2026-08-11,323,MFM,ABERDEEN MUN INCOME FD,552738106,552738,long,common,97855,17412,0.001,0,0,17412,,new,yes,1,8819643675,351,ABERDEEN MUNICIPAL INCOME,Closed-End Fund,openfigi_us
Horizon Kinetics,1056823,2026-06-30,2026-08-11,324,ET 9.25 PERP I,ENERGY TRANSFER L P,29273V704,29273V,long,common,95119,8300,0.001,96031,8300,0,0.0,flat,yes,1,8819643675,351,ENERGY TRANSFER LP,PUBLIC,openfigi_foreign
Horizon Kinetics,1056823,2026-06-30,2026-08-11,325,EDIT,EDITAS MEDICINE INC,28106W103,28106W,long,common,89683,27680,0.001,71655,29010,-1330,-4.6,trimmed,yes,1,8819643675,351,EDITAS MEDICINE INC,Common Stock,openfigi_us
Horizon Kinetics,1056823,2026-06-30,2026-08-11,326,IEZ,ISHARES TR,464288844,464288,long,common,84224,3131,0.001,90642,3131,0,0.0,flat,yes,1,8819643675,351,ISHARES U.S. OIL EQUIPMENT &,ETP,openfigi_us
Horizon Kinetics,1056823,2026-06-30,2026-08-11,327,ETHE,GRAYSCALE ETHEREUM STAKING E,389638107,389638,long,common,68815,5393,0.001,92059,5393,0,0.0,flat,yes,1,8819643675,351,GRAYSCALE ETHEREUM STAKING E,ETP,openfigi_us
Horizon Kinetics,1056823,2026-06-30,2026-08-11,328,VB,VANGUARD INDEX FDS,922908751,922908,long,common,66383,219,0.001,57360,219,0,0.0,flat,yes,1,8819643675,351,VANGUARD MOST SM-CAP ETF-USD,ETP,openfigi_us
Horizon Kinetics,1056823,2026-06-30,2026-08-11,329,PFXF,VANECK ETF TRUST,92189F429,92189F,long,common,61619,3454,0.001,60583,3454,0,0.0,flat,yes,1,8819643675,351,VANECK PREF SEC X-FINANCIALS,ETP,openfigi_us
Horizon Kinetics,1056823,2026-06-30,2026-08-11,330,BCYC,BICYCLE THERAPEUTICS PLC,088786108,088786,long,common,53356,12584,0.001,61192,13188,-604,-4.6,trimmed,no,1,8819643675,351,,,cached
Horizon Kinetics,1056823,2026-06-30,2026-08-11,331,PFF,ISHARES TR,464288687,464288,long,common,40430,1326,0.0,40204,1326,0,0.0,flat,yes,1,8819643675,351,ISHARES PREFERRED & INCOME S,ETP,openfigi_us
Horizon Kinetics,1056823,2026-06-30,2026-08-11,332,ITA,ISHARES TR,464288760,464288,long,common,38787,160,0.0,35000,160,0,0.0,flat,yes,1,8819643675,351,ISHARES U.S. AEROSPACE & DEF,ETP,openfigi_us
Horizon Kinetics,1056823,2026-06-30,2026-08-11,333,SHV,ISHARES TR,464288679,464288,long,common,37298,338,0.0,37312,338,0,0.0,flat,yes,1,8819643675,351,ISHARES 0-1 YEAR TREASURY BO,ETP,openfigi_us
Horizon Kinetics,1056823,2026-06-30,2026-08-11,334,ALLO,ALLOGENE THERAPEUTICS INC,019770106,019770,long,common,34894,16776,0.0,42900,17582,-806,-4.6,trimmed,yes,1,8819643675,351,ALLOGENE THERAPEUTICS INC,Common Stock,openfigi_us
Horizon Kinetics,1056823,2026-06-30,2026-08-11,335,VBR,VANGUARD INDEX FDS,922908611,922908,long,common,32804,135,0.0,29329,135,0,0.0,flat,yes,1,8819643675,351,VNGRD MRNGST SL-CP VAL ETF-U,ETP,openfigi_us
Horizon Kinetics,1056823,2026-06-30,2026-08-11,336,RFV,INVESCO EXCHANGE TRADED FD T,46137V191,46137V,long,common,23298,163,0.0,21185,163,0,0.0,flat,yes,1,8819643675,351,INVESCO S&P MIDCAP 400 PURE,ETP,openfigi_us
Horizon Kinetics,1056823,2026-06-30,2026-08-11,337,BIL,SPDR SERIES TRUST,78468R663,78468R,long,common,22910,250,0.0,22910,250,0,0.0,flat,yes,1,8819643675,351,SS SPDR BB 1-3M T-BILL ETF,ETP,openfigi_us
Horizon Kinetics,1056823,2026-06-30,2026-08-11,338,ENFR,ALPS ETF TR,00162Q676,00162Q,long,common,17717,465,0.0,0,0,465,,new,yes,1,8819643675,351,ALERIAN ENERGY INFRASTRUCTUR,ETP,openfigi_us
Horizon Kinetics,1056823,2026-06-30,2026-08-11,339,PACB,PACIFIC BIOSCIENCES CALIF IN,69404D108,69404D,long,common,16914,10068,0.0,13927,10551,-483,-4.6,trimmed,yes,1,8819643675,351,,,cached
Horizon Kinetics,1056823,2026-06-30,2026-08-11,340,HYD,VANECK ETF TRUST,92189H409,92189H,long,common,15247,296,0.0,14841,296,0,0.0,flat,yes,1,8819643675,351,VANECK HIGH YIELD MUNI ETF,ETP,openfigi_us
Horizon Kinetics,1056823,2026-06-30,2026-08-11,341,ETH,GRAYSCALE ETHEREUM STAKING,38964R203,38964R,long,common,9815,653,0.0,12969,653,0,0.0,flat,yes,1,8819643675,351,GRAYSCALE ETHEREUM STAKING M,ETP,openfigi_us
Horizon Kinetics,1056823,2026-06-30,2026-08-11,342,MUB,ISHARES TR,464288414,464288,long,common,5381,50,0.0,0,0,50,,new,no,1,8819643675,351,,,cached
Horizon Kinetics,1056823,2026-06-30,2026-08-11,343,XMMO,INVESCO EXCHANGE TRADED FD T,46137V464,46137V,long,common,5104,30,0.0,0,0,30,,new,yes,1,8819643675,351,INVESCO S&P MIDCAP MOMENTUM,ETP,openfigi_us
Horizon Kinetics,1056823,2026-06-30,2026-08-11,344,LEN/B,LENNAR CORP,526057302,526057,long,common,5056,57,0.0,4795,57,0,0.0,flat,yes,1,8819643675,351,LENNAR CORP - B SHS,Common Stock,openfigi_us
Horizon Kinetics,1056823,2026-06-30,2026-08-11,345,VTWO,VANGUARD SCOTTSDALE FDS,92206C664,92206C,long,common,4857,40,0.0,0,0,40,,new,yes,1,8819643675,351,VANGUARD RUSSELL 2000 ETF,ETP,openfigi_us
Horizon Kinetics,1056823,2026-06-30,2026-08-11,346,,IPATH SERIES B S&P,6XJ99I9J5,6XJ99I,call,option_call,3534,0,0.0,0,0,0,,new,yes,1,8819643675,351,,,openfigi_miss
Horizon Kinetics,1056823,2026-06-30,2026-08-11,347,METV,LISTED FDS TR,53656F417,53656F,long,common,2860,155,0.0,2469,155,0,0.0,flat,yes,1,8819643675,351,ROUNDHILL BALL METAVERSE ETF,ETP,openfigi_us
Horizon Kinetics,1056823,2026-06-30,2026-08-11,348,GBAT,GRAYSCALE BASIC ATTENTION TOKEN TR,38963U108,38963U,long,common,1187,2089,0.0,1177,2089,0,0.0,flat,yes,1,8819643675,351,GRAYSCALE BASIC ATTENTION TK,Closed-End Fund,openfigi_us
Horizon Kinetics,1056823,2026-06-30,2026-08-11,349,AIA,ISHARES TR,464288430,464288,long,common,1133,8,0.0,849,8,0,0.0,flat,yes,1,8819643675,351,ISHARES ASIA 50 ETF,ETP,openfigi_us
Horizon Kinetics,1056823,2026-06-30,2026-08-11,350,RQI-R,COHEN & STEERS QUALITY INCOM,19247L122,19247L,long,common,745,50033,0.0,0,0,50033,,new,yes,1,8819643675,351,COHEN & STEERS QUALITY-R,Right,openfigi_us
Horizon Kinetics,1056823,2026-06-30,2026-08-11,351,MANA,GRAYSCALE DECENTRALAND TRUST,38964P108,38964P,long,common,367,691,0.0,549,691,0,0.0,flat,yes,1,8819643675,351,GRAYSCALE DECENTRALAND TRUST,Closed-End Fund,openfigi_us
Horizon Kinetics,1056823,2026-06-30,2026-08-11,,T86,TRI POINTE HOMES INC,87265H109,87265H,long,common,0,0,0.0,4017191,85966,-85966,-100.0,exited,yes,1,8819643675,351,,,cached
Horizon Kinetics,1056823,2026-06-30,2026-08-11,,VIXY,PROSHARES TR II,74347Y730,74347Y,call,option_call,0,0,0.0,244000,0,0,,exited,yes,1,8819643675,351,PROSHARES VIX SHORT-TERM FUT,ETP,openfigi_us
Horizon Kinetics,1056823,2026-06-30,2026-08-11,,PTEN,PATTERSON-UTI ENERGY INC,703481101,703481,long,common,0,0,0.0,2800725,258608,-258608,-100.0,exited,yes,1,8819643675,351,PATTERSON-UTI ENERGY INC,Common Stock,openfigi_us
Horizon Kinetics,1056823,2026-06-30,2026-08-11,,BOXX,EA SERIES TRUST,02072L565,02072L,long,common,0,0,0.0,5520868,47475,-47475,-100.0,exited,yes,1,8819643675,351,ALPHA ARCHITECT 1-3 MNTH BOX,ETP,openfigi_us
Horizon Kinetics,1056823,2026-06-30,2026-08-11,,TQQQ,PROSHARES TR,74347X831,74347X,long,common,0,0,0.0,502161,12048,-12048,-100.0,exited,yes,1,8819643675,351,PROSHARES ULTRAPRO QQQ,ETP,openfigi_us
Horizon Kinetics,1056823,2026-06-30,2026-08-11,,SQQQ,PROSHARES TR,74350P675,74350P,long,common,0,0,0.0,497428,6180,-6180,-100.0,exited,yes,1,8819643675,351,PROSHARES ULTRAPRO SHORT QQQ,ETP,openfigi_us
Horizon Kinetics,1056823,2026-06-30,2026-08-11,,SDA,SEALED AIR CORP NEW,81211K100,81211K,long,common,0,0,0.0,1398163,33250,-33250,-100.0,exited,yes,1,8819643675,351,,,cached
Horizon Kinetics,1056823,2026-06-30,2026-08-11,,1B2,BITFARMS LTD,09173B107,09173B,long,common,0,0,0.0,35685,18300,-18300,-100.0,exited,yes,1,8819643675,351,,,cached
Horizon Kinetics,1056823,2026-06-30,2026-08-11,,AWK,AMERICAN WTR WKS CO INC NEW,030420103,030420,long,common,0,0,0.0,227385,1671,-1671,-100.0,exited,yes,1,8819643675,351,AMERICAN WATER WORKS CO INC,Common Stock,openfigi_us
Horizon Kinetics,1056823,2026-06-30,2026-08-11,,LBRDA,LIBERTY BROADBAND CORP,530307107,530307,long,common,0,0,0.0,46353,923,-923,-100.0,exited,yes,1,8819643675,351,LIBERTY BROADBAND-A,Common Stock,openfigi_us
Horizon Kinetics,1056823,2026-06-30,2026-08-11,,DOW,DOW HLDGS INC,260557103,260557,long,common,0,0,0.0,228284,5481,-5481,-100.0,exited,yes,1,8819643675,351,DOW INC,Common Stock,openfigi_us
Horizon Kinetics,1056823,2026-06-30,2026-08-11,,XCXEX,MFS HIGH INCOME MUN TR,59318D104,59318D,long,common,0,0,0.0,79858,21525,-21525,-100.0,exited,yes,1,8819643675,351,MFS HIGH INCOME MUNICIPAL TR,Closed-End Fund,openfigi_us
Horizon Kinetics,1056823,2026-06-30,2026-08-11,,HONGBP,HONEYWELL INTL INC,438516106,438516,long,common,0,0,0.0,1486373,6576,-6576,-100.0,exited,yes,1,8819643675,351,,,cached
Horizon Kinetics,1056823,2026-06-30,2026-08-11,,CCL1EUR,CARNIVAL CORP,143658300,143658,long,common,0,0,0.0,24784070,957653,-957653,-100.0,exited,yes,1,8819643675,351,CARNIVAL CORP LTD,Common Stock,openfigi_foreign
Horizon Kinetics,1056823,2026-06-30,2026-08-11,,CMSG,CONSENSUS MINING & SEIGNIORAGE CORP COM,20848D105,20848D,long,common,0,0,0.0,4279418,164593,-164593,-100.0,exited,yes,1,8819643675,351,CONSENSUS MNG & SEIGNIORAGE,Common Stock,openfigi_us
Horizon Kinetics,1056823,2026-06-30,2026-08-11,,LBRDK,LIBERTY BROADBAND CORP,530307305,530307,long,common,0,0,0.0,204369,4063,-4063,-100.0,exited,yes,1,8819643675,351,,,cached
Horizon Kinetics,1056823,2026-06-30,2026-08-11,,COST,COSTCO WHOLESALE CORPORATION,22160K105,22160K,long,common,0,0,0.0,207257,208,-208,-100.0,exited,yes,1,8819643675,351,,,cached
Horizon Kinetics,1056823,2026-06-30,2026-08-11,,AWR,AMER STATES WTR CO,029899101,029899,long,common,0,0,0.0,330762,4374,-4374,-100.0,exited,yes,1,8819643675,351,AMERICAN STATES WATER CO,Common Stock,openfigi_us
Horizon Kinetics,1056823,2026-06-30,2026-08-11,,NFLX,NETFLIX INC.,64110L106,64110L,long,common,0,0,0.0,231722,2410,-2410,-100.0,exited,no,1,8819643675,351,,,cached
Horizon Kinetics,1056823,2026-06-30,2026-08-11,,GEHC,GE HEALTHCARE TECHNOLOGIES I,36266G107,36266G,long,common,0,0,0.0,207205,2911,-2911,-100.0,exited,yes,1,8819643675,351,,,cached
Horizon Kinetics,1056823,2026-06-30,2026-08-11,,T,AT&T INC,00206R102,00206R,long,common,0,0,0.0,263519,9090,-9090,-100.0,exited,yes,1,8819643675,351,,,cached
Horizon Kinetics,1056823,2026-06-30,2026-08-11,,NOC,NORTHROP GRUMMAN CORP,666807102,666807,long,common,0,0,0.0,245606,360,-360,-100.0,exited,no,1,8819643675,351,,,cached
Horizon Kinetics,1056823,2026-06-30,2026-08-11,,VXX,BARCLAYS BANK PLC,06748M196,06748M,call,option_call,0,0,0.0,757500,0,0,,exited,yes,1,8819643675,351,IPATH SERIES B S&P 500 VIX,ETP,openfigi_us
TCI Fund Management,1647251,2026-06-30,2026-08-14,1,GE,GE AEROSPACE,369604301,369604,long,common,17725353519,47428233,33.59,13482035005,47510431,-82198,-0.2,trimmed,yes,1,52769884406,11,,,cached
TCI Fund Management,1647251,2026-06-30,2026-08-14,2,V,VISA INC,92826C839,92826C,long,common,10462232091,30494133,19.826,9208688518,30468133,26000,0.1,added,no,1,52769884406,11,,,cached
TCI Fund Management,1647251,2026-06-30,2026-08-14,3,MCO,MOODYS CORP,615369105,615369,long,common,6492167509,14334027,12.303,6253219279,14334027,0,0.0,flat,yes,1,52769884406,11,,,cached
TCI Fund Management,1647251,2026-06-30,2026-08-14,4,SPGI,S&P GLOBAL INC,78409V104,78409V,long,common,5735017808,14081957,10.868,5969778755,14035310,46647,0.3,added,no,1,52769884406,11,,,cached
TCI Fund Management,1647251,2026-06-30,2026-08-14,5,CP,CANADIAN PACIFIC KANSAS CITY,13646K108,13646K,long,common,3925911608,45325726,7.44,3659637907,46521923,-1196197,-2.6,trimmed,yes,1,52769884406,11,,,cached
TCI Fund Management,1647251,2026-06-30,2026-08-14,6,GOOG,ALPHABET INC,02079K107,02079K,long,common,3511682917,9938819,6.655,2539863890,8854019,1084800,12.3,added,no,1,52769884406,11,,,cached
TCI Fund Management,1647251,2026-06-30,2026-08-14,7,,FERROVIAL NV,N3168P101,N3168P,long,common,1434611939,20940441,2.719,1327927999,20740214,200227,1.0,added,yes,1,52769884406,11,,,openfigi_miss
TCI Fund Management,1647251,2026-06-30,2026-08-14,8,CNI,CANADIAN NATL RY CO,136375102,136375,long,common,1124534915,9433422,2.131,1013208255,9849934,-416512,-4.2,trimmed,yes,1,52769884406,11,CANADIAN NATL RAILWAY CO,Common Stock,openfigi_us
TCI Fund Management,1647251,2026-06-30,2026-08-14,9,GOOGL,ALPHABET INC,02079K305,02079K,long,common,878058090,2457000,1.664,706534920,2457000,0,0.0,flat,no,1,52769884406,11,,,cached
TCI Fund Management,1647251,2026-06-30,2026-08-14,10,MLM,MARTIN MARIETTA MATLS INC,573284106,573284,long,common,758423360,1315109,1.437,0,0,1315109,,new,yes,1,52769884406,11,MARTIN MARIETTA MATERIALS,Common Stock,openfigi_us
TCI Fund Management,1647251,2026-06-30,2026-08-14,11,VMC,VULCAN MATLS CO,929160109,929160,long,common,721890650,2447004,1.368,0,0,2447004,,new,yes,1,52769884406,11,,,cached
TCI Fund Management,1647251,2026-06-30,2026-08-14,,MSFT,MICROSOFT CORP,594918104,594918,long,common,0,0,0.0,1009976270,2728412,-2728412,-100.0,exited,no,1,52769884406,11,,,cached
Berkshire Hathaway,1067983,2026-06-30,2026-08-14,1,AAPL,APPLE INC,037833100,037833,long,common,65950296923,227917808,22.038,57843260493,227917808,0,0.0,flat,no,1,299253556246,29,,,cached
Berkshire Hathaway,1067983,2026-06-30,2026-08-14,2,AXP,AMERICAN EXPRESS CO,025816109,025816,long,common,51282319275,151610700,17.137,45859204536,151610700,0,0.0,flat,yes,1,299253556246,29,AMERICAN EXPRESS CO,Common Stock,openfigi_us
Berkshire Hathaway,1067983,2026-06-30,2026-08-14,3,KO,COCA COLA CO,191216100,191216,long,common,32508000000,400000000,10.863,30420000000,400000000,0,0.0,flat,no,1,299253556246,29,,,cached
Berkshire Hathaway,1067983,2026-06-30,2026-08-14,4,GOOGL,ALPHABET INC,02079K305,02079K,long,common,28157599351,78791167,9.409,15600071913,54249798,24541369,45.2,added,no,1,299253556246,29,,,cached
Berkshire Hathaway,1067983,2026-06-30,2026-08-14,5,BAC,BANK OF AMER CORP,060505104,060505,long,common,27543790975,483394015,9.204,25039178044,513624165,-30230150,-5.9,trimmed,yes,1,299253556246,29,,,cached
Berkshire Hathaway,1067983,2026-06-30,2026-08-14,6,CVX,CHEVRON CORPORATION,166764100,166764,long,common,13986141890,84375856,4.674,17457364606,84375856,0,0.0,flat,yes,1,299253556246,29,CHEVRON CORP,Common Stock,openfigi_us
Berkshire Hathaway,1067983,2026-06-30,2026-08-14,7,OXY,OCCIDENTAL PETE CORP,674599105,674599,long,common,12868205304,264941431,4.3,17221193015,264941431,0,0.0,flat,yes,1,299253556246,29,OCCIDENTAL PETROLEUM CORP,Common Stock,openfigi_us
Berkshire Hathaway,1067983,2026-06-30,2026-08-14,8,,CHUBB LIMITED,H1467J104,H1467J,long,common,11670066615,34249183,3.9,11162836215,34249183,0,0.0,flat,no,1,299253556246,29,,,openfigi_miss
Berkshire Hathaway,1067983,2026-06-30,2026-08-14,9,MCO,MOODYS CORP,615369105,615369,long,common,11173435852,24669778,3.734,10762190653,24669778,0,0.0,flat,yes,1,299253556246,29,,,cached
Berkshire Hathaway,1067983,2026-06-30,2026-08-14,10,GOOG,ALPHABET INC,02079K107,02079K,long,common,9606489032,27188433,3.21,1028454775,3585215,23603218,658.3,added,no,1,299253556246,29,,,cached
Berkshire Hathaway,1067983,2026-06-30,2026-08-14,11,KHC,KRAFT HEINZ CO,500754106,500754,long,common,7691494401,325634818,2.57,7323527057,325634818,0,0.0,flat,yes,1,299253556246,29,KRAFT HEINZ CO/THE,Common Stock,openfigi_us
Berkshire Hathaway,1067983,2026-06-30,2026-08-14,12,DVA,DAVITA INC,23918K108,23918K,long,common,6425268898,28880209,2.147,4626158909,30100585,-1220376,-4.1,trimmed,yes,1,299253556246,29,DAVITA INC,Common Stock,openfigi_us
Berkshire Hathaway,1067983,2026-06-30,2026-08-14,13,DAL,DELTA AIR LINES INC,247361702,247361,long,common,5368591200,57320000,1.794,2646532635,39809456,17510544,44.0,added,no,1,299253556246,29,,,cached
Berkshire Hathaway,1067983,2026-06-30,2026-08-14,14,SIRI,SIRIUSXM HOLDINGS INC,829933100,829933,long,common,3686802237,124807117,1.232,2880548260,124807117,0,0.0,flat,yes,1,299253556246,29,SIRIUS XM HOLDINGS INC,Common Stock,openfigi_us
Berkshire Hathaway,1067983,2026-06-30,2026-08-14,15,VRSN,VERISIGN INC,92343E102,92343E,long,common,2261494212,8989880,0.756,2232726597,8989880,0,0.0,flat,yes,1,299253556246,29,VERISIGN INC,Common Stock,openfigi_us
Berkshire Hathaway,1067983,2026-06-30,2026-08-14,16,KR,KROGER CO,501044101,501044,long,common,2165670000,39000000,0.724,3618000000,50000000,-11000000,-22.0,trimmed,yes,1,299253556246,29,KROGER CO,Common Stock,openfigi_us
Berkshire Hathaway,1067983,2026-06-30,2026-08-14,17,ALLY,ALLY FINL INC,02005N100,02005N,long,common,1240650000,27000000,0.415,1137670000,29000000,-2000000,-6.9,trimmed,no,1,299253556246,29,,,cached
Berkshire Hathaway,1067983,2026-06-30,2026-08-14,18,LEN,LENNAR CORP,526057104,526057,long,common,1186481443,13111741,0.396,877052911,10099642,3012099,29.8,added,yes,1,299253556246,29,,,cached
Berkshire Hathaway,1067983,2026-06-30,2026-08-14,19,LLYVK,LIBERTY LIVE HOLDINGS INC,530909308,530909,long,common,1118425787,10587143,0.374,996356028,10587143,0,0.0,flat,yes,1,299253556246,29,LIBERTY LIVE HOLDINGS-C,Common Stock,openfigi_us
Berkshire Hathaway,1067983,2026-06-30,2026-08-14,20,NYT,NEW YORK TIMES CO MTN BE,650111107,650111,long,common,1098686000,15700000,0.367,1268219376,15146535,553465,3.7,added,yes,1,299253556246,29,NEW YORK TIMES CO-A,Common Stock,openfigi_us
Berkshire Hathaway,1067983,2026-06-30,2026-08-14,21,COF,CAPITAL ONE FINL CORP,14040H105,14040H,long,common,601860000,3000000,0.201,1304374500,7150000,-4150000,-58.0,trimmed,no,1,299253556246,29,,,cached
Berkshire Hathaway,1067983,2026-06-30,2026-08-14,22,LLYVA,LIBERTY LIVE HOLDINGS INC,530909100,530909,long,common,504941901,4986588,0.169,456970925,4986588,0,0.0,flat,yes,1,299253556246,29,LIBERTY LIVE HOLDINGS-A,Common Stock,openfigi_us
Berkshire Hathaway,1067983,2026-06-30,2026-08-14,23,LPX,LOUISIANA PAC CORP,546347105,546347,long,common,445592617,5664793,0.149,412113691,5664793,0,0.0,flat,yes,1,299253556246,29,LOUISIANA-PACIFIC CORP,Common Stock,openfigi_us
Berkshire Hathaway,1067983,2026-06-30,2026-08-14,24,NUE,NUCOR CORP,670346105,670346,long,common,413814258,1857752,0.138,660686383,3907075,-2049323,-52.5,trimmed,yes,1,299253556246,29,NUCOR CORP,Common Stock,openfigi_us
Berkshire Hathaway,1067983,2026-06-30,2026-08-14,25,M,MACYS INC,55616P104,55616P,long,common,173031882,7347426,0.058,54963842,3038355,4309071,141.8,added,yes,1,299253556246,29,,,cached
Berkshire Hathaway,1067983,2026-06-30,2026-08-14,26,NVR,NVR INC,62944T105,62944T,long,common,75710501,11112,0.025,73226191,11112,0,0.0,flat,yes,1,299253556246,29,NVR INC,Common Stock,openfigi_us
Berkshire Hathaway,1067983,2026-06-30,2026-08-14,27,LEN/B,LENNAR CORP,526057302,526057,long,common,26445959,298117,0.009,19995576,237703,60414,25.4,added,yes,1,299253556246,29,LENNAR CORP - B SHS,Common Stock,openfigi_us
Berkshire Hathaway,1067983,2026-06-30,2026-08-14,28,JEF,JEFFERIES FINANCIAL GROUP IN,47233W109,47233W,long,common,21669229,433558,0.007,17892939,433558,0,0.0,flat,yes,1,299253556246,29,JEFFERIES FINANCIAL GROUP IN,Common Stock,openfigi_us
Berkshire Hathaway,1067983,2026-06-30,2026-08-14,29,DHI,D R HORTON INC,23331A109,23331A,long,common,580504,3564,0.0,0,0,3564,,new,no,1,299253556246,29,,,cached
Berkshire Hathaway,1067983,2026-06-30,2026-08-14,,STZ,CONSTELLATION BRANDS INC,21036P108,21036P,long,common,0,0,0.0,94933500,632890,-632890,-100.0,exited,yes,1,299253556246,29,CONSTELLATION BRANDS INC-A,Common Stock,openfigi_us
Kopernik Global,1599814,2026-06-30,2026-08-11,1,RRC,RANGE RES CORP,75281A109,75281A,long,common,244559246,6575941,14.983,189241580,4188614,2387327,57.0,added,yes,1,1632202061,30,RANGE RESOURCES CORP,Common Stock,openfigi_us
Kopernik Global,1599814,2026-06-30,2026-08-11,2,SA,SEABRIDGE GOLD INC,811927102,811927,long,common,194465494,7554992,11.914,0,0,7554992,,new,yes,1,1632202061,30,SEABRIDGE GOLD INC,Common Stock,openfigi_us
Kopernik Global,1599814,2026-06-30,2026-08-11,3,EXE,EXPAND ENERGY CORPORATION,165167735,165167,long,common,157167150,1723513,9.629,89320521,813632,909881,111.8,added,yes,1,1632202061,30,,,cached
Kopernik Global,1599814,2026-06-30,2026-08-11,4,KT,KT CORP,48268K101,48268K,long,common,156279249,9043938,9.575,114155227,5321922,3722016,69.9,added,yes,1,1632202061,30,KT CORP-SP ADR,ADR,openfigi_us
Kopernik Global,1599814,2026-06-30,2026-08-11,5,NTR,NUTRIEN LTD,67077M108,67077M,long,common,137572882,2185431,8.429,107438439,1423780,761651,53.5,added,yes,1,1632202061,30,NUTRIEN LTD,Common Stock,openfigi_us
Kopernik Global,1599814,2026-06-30,2026-08-11,6,WY,WEYERHAEUSER CO,962166104,962166,long,common,89976742,3758427,5.513,46529158,1904591,1853836,97.3,added,yes,1,1632202061,30,WEYERHAEUSER CO,REIT,openfigi_us
Kopernik Global,1599814,2026-06-30,2026-08-11,7,CNXC,CONCENTRIX CORP,20602D101,20602D,long,common,71153038,3175766,4.359,44523092,1627306,1548460,95.2,added,yes,1,1632202061,30,CONCENTRIX CORP,Common Stock,openfigi_us
Kopernik Global,1599814,2026-06-30,2026-08-11,8,RYN,RAYONIER INC,754907103,754907,long,common,69555765,3268598,4.261,45085692,2186503,1082095,49.5,added,yes,1,1632202061,30,RAYONIER INC,REIT,openfigi_us
Kopernik Global,1599814,2026-06-30,2026-08-11,9,NAK,NORTHERN DYNASTY MINERALS LT,66510M204,66510M,long,common,61782513,32178392,3.785,45718184,32655846,-477454,-1.5,trimmed,yes,1,1632202061,30,,,cached
Kopernik Global,1599814,2026-06-30,2026-08-11,10,CRESY,CRESUD S A C I F Y A,226406106,226406,long,common,53445289,4767644,3.274,56165709,4415543,352101,8.0,added,yes,1,1632202061,30,CRESUD S.A.-SPONS ADR,ADR,openfigi_us
Kopernik Global,1599814,2026-06-30,2026-08-11,11,NICE,NICE LTD,653656108,653656,long,common,51149731,563013,3.134,27669526,250948,312065,124.4,added,yes,1,1632202061,30,NICE LTD - SPON ADR,ADR,openfigi_us
Kopernik Global,1599814,2026-06-30,2026-08-11,12,BEN,FRANKLIN RESOURCES INC,354613101,354613,long,common,43935397,1320571,2.692,83203505,3522587,-2202016,-62.5,trimmed,yes,1,1632202061,30,FRANKLIN TEMPLETON INC,Common Stock,openfigi_us
Kopernik Global,1599814,2026-06-30,2026-08-11,13,RGLD,ROYAL GOLD INC,780287108,780287,long,common,42912757,214983,2.629,21926604,86159,128824,149.5,added,yes,1,1632202061,30,ROYAL GOLD INC,Common Stock,openfigi_us
Kopernik Global,1599814,2026-06-30,2026-08-11,14,CNC,CENTENE CORP DEL,15135B101,15135B,long,common,41512700,646716,2.543,82410050,2517106,-1870390,-74.3,trimmed,yes,1,1632202061,30,CENTENE CORP,Common Stock,openfigi_us
Kopernik Global,1599814,2026-06-30,2026-08-11,15,NG,NOVAGOLD RESOURCES INC,66987E206,66987E,long,common,41181502,6898074,2.523,58475326,6511729,386345,5.9,added,yes,1,1632202061,30,NOVAGOLD RESOURCES INC,Common Stock,openfigi_us
Kopernik Global,1599814,2026-06-30,2026-08-11,16,THM,INTERNATIONAL TOWER HILL MIN,46050R102,46050R,long,common,37347391,18767533,2.288,40595994,17650432,1117101,6.3,added,yes,1,1632202061,30,INTL TOWER HILL MINES LTD,Common Stock,openfigi_us
Kopernik Global,1599814,2026-06-30,2026-08-11,17,EPAM,EPAM SYS INC,29414B104,29414B,long,common,31962894,402809,1.958,0,0,402809,,new,yes,1,1632202061,30,EPAM SYSTEMS INC,Common Stock,openfigi_us
Kopernik Global,1599814,2026-06-30,2026-08-11,18,CMCSA,COMCAST CORP NEW,20030N101,20030N,long,common,31378362,1278141,1.922,18638905,649213,628928,96.9,added,yes,1,1632202061,30,,,cached
Kopernik Global,1599814,2026-06-30,2026-08-11,19,VGZ,VISTA GOLD CORP,927926303,927926,long,common,26834236,14049338,1.644,27149940,13852010,197328,1.4,added,yes,1,1632202061,30,VISTA GOLD CORP,Common Stock,openfigi_us
Kopernik Global,1599814,2026-06-30,2026-08-11,20,MOS,MOSAIC CO,61945C103,61945C,long,common,23713623,1119095,1.453,0,0,1119095,,new,yes,1,1632202061,30,MOSAIC CO/THE,Common Stock,openfigi_us
Kopernik Global,1599814,2026-06-30,2026-08-11,21,IE,IVANHOE ELECTRIC INC,46578C108,46578C,long,common,9936452,1033970,0.609,21088889,1784170,-750200,-42.0,trimmed,yes,1,1632202061,30,IVANHOE ELECTRIC INC / US,Common Stock,openfigi_us
Kopernik Global,1599814,2026-06-30,2026-08-11,22,B,BARRICK MNG CORP,06849F108,06849F,long,common,4938679,134459,0.303,22844195,560044,-425585,-76.0,trimmed,yes,1,1632202061,30,BARRICK MINING CORP,Common Stock,openfigi_us
Kopernik Global,1599814,2026-06-30,2026-08-11,23,NEM,NEWMONT CORP,651639106,651639,long,common,4700635,50328,0.288,82378,761,49567,6513.4,added,yes,1,1632202061,30,NEWMONT CORP,Common Stock,openfigi_us
Kopernik Global,1599814,2026-06-30,2026-08-11,24,KEP,KOREA ELEC PWR CORP,500631106,500631,long,common,2506394,207140,0.154,2951745,207140,0,0.0,flat,yes,1,1632202061,30,KOREA ELEC POWER CORP-SP ADR,ADR,openfigi_us
Kopernik Global,1599814,2026-06-30,2026-08-11,25,IRS,IRSA INVERSIONES Y REP S A,450047303,450047,long,common,1317958,85360,0.081,1383736,85363,-3,-0.0,trimmed,yes,1,1632202061,30,IRSA -SP ADR,ADR,openfigi_us
Kopernik Global,1599814,2026-06-30,2026-08-11,26,PLG,PLATINUM GROUP METALS LTD,72765Q882,72765Q,long,common,549592,407105,0.034,634885,358692,48413,13.5,added,yes,1,1632202061,30,PLATINUM GROUP METALS LTD,Common Stock,openfigi_us
Kopernik Global,1599814,2026-06-30,2026-08-11,27,AZO,AUTOZONE INC,053332102,053332,put,option_put,260800,0,0.016,222600,0,0,,added,yes,1,1632202061,30,AUTOZONE INC,Common Stock,openfigi_us
Kopernik Global,1599814,2026-06-30,2026-08-11,28,AMGN,AMGEN INC,031162100,031162,put,option_put,38010,0,0.002,75096,0,0,,trimmed,yes,1,1632202061,30,AMGEN INC,Common Stock,openfigi_us
Kopernik Global,1599814,2026-06-30,2026-08-11,29,AAPL,APPLE INC,037833100,037833,put,option_put,34000,0,0.002,112500,0,0,,trimmed,no,1,1632202061,30,,,cached
Kopernik Global,1599814,2026-06-30,2026-08-11,30,ABBV,ABBVIE INC,00287Y109,00287Y,put,option_put,33580,0,0.002,105340,0,0,,trimmed,yes,1,1632202061,30,ABBVIE INC,Common Stock,openfigi_us
Kopernik Global,1599814,2026-06-30,2026-08-11,,HUM,HUMANA INC,444859102,444859,long,common,0,0,0.0,19659825,113385,-113385,-100.0,exited,no,1,1632202061,30,,,cached
Kopernik Global,1599814,2026-06-30,2026-08-11,,MOH,MOLINA HEALTHCARE INC,60855R100,60855R,long,common,0,0,0.0,38915735,291941,-291941,-100.0,exited,yes,1,1632202061,30,,,cached
Kopernik Global,1599814,2026-06-30,2026-08-11,,AL,AIR LEASE CORP,00912X302,00912X,long,common,0,0,0.0,18028123,277612,-277612,-100.0,exited,yes,1,1632202061,30,,,cached
Kopernik Global,1599814,2026-06-30,2026-08-11,,SEA1EUR,SEABRIDGE GOLD INC,811916105,811916,long,common,0,0,0.0,207813337,7332863,-7332863,-100.0,exited,yes,1,1632202061,30,SEABRIDGE GOLD INC,Common Stock,openfigi_foreign
Himalaya Capital,1709323,2026-06-30,2026-08-14,1,GOOGL,ALPHABET INC,02079K305,02079K,long,common,908899121,2543300,24.545,731351348,2543300,0,0.0,flat,no,1,3702921099,8,,,cached
Himalaya Capital,1709323,2026-06-30,2026-08-14,2,GOOG,ALPHABET INC,02079K107,02079K,long,common,866117829,2451300,23.39,703179918,2451300,0,0.0,flat,no,1,3702921099,8,,,cached
Himalaya Capital,1709323,2026-06-30,2026-08-14,3,PDD,PDD HOLDINGS INC,722304102,722304,long,common,820858157,10761119,22.168,470845440,4608000,6153119,133.5,added,yes,1,3702921099,8,,,cached
Himalaya Capital,1709323,2026-06-30,2026-08-14,4,BRK/B,BERKSHIRE HATHAWAY INC DEL,084670702,084670,long,common,554591244,1108318,14.977,430201321,897749,210569,23.5,added,no,1,3702921099,8,,,cached
Himalaya Capital,1709323,2026-06-30,2026-08-14,5,EWBC,EAST WEST BANCORP INC,27579R104,27579R,long,common,358399151,2776351,9.679,296403233,2776351,0,0.0,flat,yes,1,3702921099,8,EAST WEST BANCORP INC,Common Stock,openfigi_us
Himalaya Capital,1709323,2026-06-30,2026-08-14,6,CROX,CROCS INC,227046109,227046,long,common,107018900,887093,2.89,73646461,887093,0,0.0,flat,yes,1,3702921099,8,CROCS INC,Common Stock,openfigi_us
Himalaya Capital,1709323,2026-06-30,2026-08-14,7,TME,TENCENT MUSIC ENTERTAINM,88034P109,88034P,long,common,55033481,6590836,1.486,61162958,6590836,0,0.0,flat,yes,1,3702921099,8,TENCENT MUSIC ENTERTAINM-ADR,ADR,openfigi_us
Himalaya Capital,1709323,2026-06-30,2026-08-14,8,AAPL,APPLE INC,037833100,037833,long,common,32003216,110600,0.864,28069174,110600,0,0.0,flat,no,1,3702921099,8,,,cached
Himalaya Capital,1709323,2026-06-30,2026-08-14,,MCO,MOODYS CORP,615369105,615369,long,common,0,0,0.0,51383270,117784,-117784,-100.0,exited,yes,1,3702921099,8,,,cached
Himalaya Capital,1709323,2026-06-30,2026-08-14,,MSCI,MSCI INC,55354G100,55354G,long,common,0,0,0.0,10208310,18939,-18939,-100.0,exited,yes,1,3702921099,8,,,cached
Himalaya Capital,1709323,2026-06-30,2026-08-14,,BAC,BK OF AMERICA CORP,060505104,060505,long,common,0,0,0.0,146151866,2997987,-2997987,-100.0,exited,yes,1,3702921099,8,,,cached
Himalaya Capital,1709323,2026-06-30,2026-08-14,,HRB,BLOCK H & R INC,093671105,093671,long,common,0,0,0.0,51637996,1626906,-1626906,-100.0,exited,yes,1,3702921099,8,H&R BLOCK INC,Common Stock,openfigi_us
Himalaya Capital,1709323,2026-06-30,2026-08-14,,OXY,OCCIDENTAL PETE CORP,674599105,674599,long,common,0,0,0.0,95322500,1466500,-1466500,-100.0,exited,yes,1,3702921099,8,OCCIDENTAL PETROLEUM CORP,Common Stock,openfigi_us
Himalaya Capital,1709323,2026-06-30,2026-08-14,,SPGI,S&P GLOBAL INC,78409V104,78409V,long,common,0,0,0.0,51663072,121463,-121463,-100.0,exited,no,1,3702921099,8,,,cached
First Eagle Investment,1325447,2026-06-30,2026-08-05,1,GOOG,ALPHABET INC,02079K107,02079K,long,common,2585051365,7316252,4.314,2124097305,7404648,-88396,-1.2,trimmed,no,1,59922860164,424,,,cached
First Eagle Investment,1325447,2026-06-30,2026-08-05,2,BDX,BECTON DICKINSON & CO,075887109,075887,long,common,2090674677,13815335,3.489,1875456901,11928111,1887224,15.8,added,yes,1,59922860164,424,BECTON DICKINSON AND CO,Common Stock,openfigi_us
First Eagle Investment,1325447,2026-06-30,2026-08-05,3,META,META PLATFORMS INC,30303M102,30303M,long,common,1812302580,3217353,3.024,1826867434,3193098,24255,0.8,added,no,1,59922860164,424,,,cached
First Eagle Investment,1325447,2026-06-30,2026-08-05,4,TSM,TAIWAN SEMICONDUCTOR MANUFAC,874039100,874039,long,common,1788784535,3745597,2.985,1318727064,3902137,-156540,-4.0,trimmed,no,1,59922860164,424,,,cached
First Eagle Investment,1325447,2026-06-30,2026-08-05,5,FMX,FOMENTO ECONOMICO MEXICANO S,344419106,344419,long,common,1663758488,13008276,2.777,1432924215,12902253,106023,0.8,added,yes,1,59922860164,424,FOMENTO ECONOMICO MEX-SP ADR,ADR,openfigi_us
First Eagle Investment,1325447,2026-06-30,2026-08-05,6,ELV,ELEVANCE HEALTH INC FORMERLY,036752103,036752,long,common,1619701186,4188196,2.703,1209728290,4132291,55905,1.4,added,yes,1,59922860164,424,ELEVANCE HEALTH INC,Common Stock,openfigi_us
First Eagle Investment,1325447,2026-06-30,2026-08-05,7,WPM,WHEATON PRECIOUS METALS CORP,962879102,962879,long,common,1596645669,14215147,2.665,1854646355,14156511,58636,0.4,added,yes,1,59922860164,424,WHEATON PRECIOUS METALS CORP,Common Stock,openfigi_us
First Eagle Investment,1325447,2026-06-30,2026-08-05,8,IMO,IMPERIAL OIL LTD,453038408,453038,long,common,1524485876,13590697,2.544,1830322539,13972305,-381608,-2.7,trimmed,yes,1,59922860164,424,IMPERIAL OIL LTD,Common Stock,openfigi_us
First Eagle Investment,1325447,2026-06-30,2026-08-05,9,SLB,SLB LIMITED,806857108,806857,long,common,1344199454,28913733,2.243,1458251238,28376167,537566,1.9,added,yes,1,59922860164,424,SLB LTD,Common Stock,openfigi_us
First Eagle Investment,1325447,2026-06-30,2026-08-05,10,BNY,BANK OF NY MELLON CORP,064058100,064058,long,common,1340088594,9266915,2.236,1170650021,9868077,-601162,-6.1,trimmed,yes,1,59922860164,424,BANK OF NEW YORK MELLON CORP,Common Stock,openfigi_us
First Eagle Investment,1325447,2026-06-30,2026-08-05,11,HCA,HCA HEALTHCARE INC,40412C101,40412C,long,common,1284907912,3295565,2.144,1540192631,3254570,40995,1.3,added,yes,1,59922860164,424,,,cached
First Eagle Investment,1325447,2026-06-30,2026-08-05,12,ORCL,ORACLE CORP,68389X105,68389X,long,common,1248148495,8516878,2.083,1240898976,8435178,81700,1.0,added,yes,1,59922860164,424,,,cached
First Eagle Investment,1325447,2026-06-30,2026-08-05,13,WY,WEYERHAEUSER CO,962166104,962166,long,common,1225232016,51179282,2.045,1130949331,46293464,4885818,10.6,added,yes,1,59922860164,424,WEYERHAEUSER CO,REIT,openfigi_us
First Eagle Investment,1325447,2026-06-30,2026-08-05,14,,WILLIS TOWERS WATSON PLC LTD,G96629103,G96629,long,common,1169855476,4475860,1.952,1261452103,4339361,136499,3.1,added,yes,1,59922860164,424,,,openfigi_miss
First Eagle Investment,1325447,2026-06-30,2026-08-05,15,ADP,AUTOMATIC DATA PROCESSING IN,053015103,053015,long,common,1158701418,5173929,1.934,579019117,2849784,2324145,81.6,added,yes,1,59922860164,424,AUTOMATIC DATA PROCESSING,Common Stock,openfigi_us
First Eagle Investment,1325447,2026-06-30,2026-08-05,16,CRM,SALESFORCE INC,79466L302,79466L,long,common,1144563308,7306034,1.91,1144765717,6132564,1173470,19.1,added,yes,1,59922860164,424,,,cached
First Eagle Investment,1325447,2026-06-30,2026-08-05,17,FNV,FRANCO NEV CORP,351858105,351858,long,common,1099218812,5273317,1.834,1306178136,5274537,-1220,-0.0,trimmed,yes,1,59922860164,424,FRANCO-NEVADA CORP,Common Stock,openfigi_us
First Eagle Investment,1325447,2026-06-30,2026-08-05,18,ABEV,AMBEV SA,02319V103,02319V,long,common,1096874902,349323217,1.83,1013194907,346984557,2338660,0.7,added,yes,1,59922860164,424,AMBEV SA-ADR,ADR,openfigi_us
First Eagle Investment,1325447,2026-06-30,2026-08-05,19,NEM,NEWMONT CORP,651639106,651639,long,common,1080668406,11570326,1.803,1301421381,12022368,-452042,-3.8,trimmed,yes,1,59922860164,424,NEWMONT CORP,Common Stock,openfigi_us
First Eagle Investment,1325447,2026-06-30,2026-08-05,20,WDAY,WORKDAY INC,98138H101,98138H,long,common,1080297413,8824517,1.803,988524050,7608713,1215804,16.0,added,yes,1,59922860164,424,,,cached
First Eagle Investment,1325447,2026-06-30,2026-08-05,21,,MEDTRONIC PLC,G5960L103,G5960L,long,common,1078321025,13783983,1.8,870372826,10044695,3739288,37.2,added,yes,1,59922860164,424,,,openfigi_miss
First Eagle Investment,1325447,2026-06-30,2026-08-05,22,PM,PHILIP MORRIS INTL INC,718172109,718172,long,common,1071976429,5925468,1.789,974258947,5892458,33010,0.6,added,no,1,59922860164,424,,,cached
First Eagle Investment,1325447,2026-06-30,2026-08-05,23,OKE,ONEOK INC NEW,682680103,682680,long,common,1028919864,11834827,1.717,1055680667,11679175,155652,1.3,added,yes,1,59922860164,424,,,cached
First Eagle Investment,1325447,2026-06-30,2026-08-05,24,CMCSA,COMCAST CORP NEW,20030N101,20030N,long,common,937146775,38172985,1.564,1084682099,37780637,392348,1.0,added,yes,1,59922860164,424,,,cached
First Eagle Investment,1325447,2026-06-30,2026-08-05,25,GLD,SPDR GOLD TR,78463V107,78463V,long,common,917863912,2491623,1.532,1056680971,2455741,35882,1.5,added,yes,1,59922860164,424,,,cached
First Eagle Investment,1325447,2026-06-30,2026-08-05,26,BKNG,BOOKING HOLDINGS INC,09857L108,09857L,long,common,876315960,4916494,1.462,0,0,4916494,,new,yes,1,59922860164,424,,,cached
First Eagle Investment,1325447,2026-06-30,2026-08-05,27,AEM,AGNICO EAGLE MINES LTD,008474108,008474,long,common,805995828,5192638,1.345,1054304432,5193057,-419,-0.0,trimmed,yes,1,59922860164,424,AGNICO EAGLE MINES LTD,Common Stock,openfigi_us
First Eagle Investment,1325447,2026-06-30,2026-08-05,28,PPG,PPG INDS INC,693506107,693506,long,common,789576554,6509824,1.318,687780881,6435076,74748,1.2,added,yes,1,59922860164,424,PPG INDUSTRIES INC,Common Stock,openfigi_us
First Eagle Investment,1325447,2026-06-30,2026-08-05,29,BIO,BIO RAD LABS INC,090572207,090572,long,common,765211916,2606219,1.277,725522734,2602772,3447,0.1,added,yes,1,59922860164,424,BIO-RAD LABORATORIES-A,Common Stock,openfigi_us
First Eagle Investment,1325447,2026-06-30,2026-08-05,30,BRO,BROWN & BROWN INC,115236101,115236,long,common,752320040,11727514,1.255,575358412,8823162,2904352,32.9,added,yes,1,59922860164,424,,,cached
First Eagle Investment,1325447,2026-06-30,2026-08-05,31,CL,COLGATE PALMOLIVE CO,194162103,194162,long,common,752298466,8205699,1.255,691793365,8116782,88917,1.1,added,yes,1,59922860164,424,COLGATE-PALMOLIVE CO,Common Stock,openfigi_us
First Eagle Investment,1325447,2026-06-30,2026-08-05,32,IFF,INTERNATIONAL FLAVORS&FRAGRA,459506101,459506,long,common,745436275,9409698,1.244,675779324,9314670,95028,1.0,added,yes,1,59922860164,424,,,cached
First Eagle Investment,1325447,2026-06-30,2026-08-05,33,B,BARRICK MNG CORP,06849F108,06849F,long,common,731599094,19918298,1.221,839100539,20571232,-652934,-3.2,trimmed,yes,1,59922860164,424,BARRICK MINING CORP,Common Stock,openfigi_us
First Eagle Investment,1325447,2026-06-30,2026-08-05,34,MSFT,MICROSOFT CORP,594918104,594918,long,common,723738832,1940215,1.208,490511631,1325098,615117,46.4,added,no,1,59922860164,424,,,cached
First Eagle Investment,1325447,2026-06-30,2026-08-05,35,CHRW,C H ROBINSON WORLDWIDE IN,12541W209,12541W,long,common,686019630,3642453,1.145,951578255,5729983,-2087530,-36.4,trimmed,yes,1,59922860164,424,,,cached
First Eagle Investment,1325447,2026-06-30,2026-08-05,36,UHS,UNIVERSAL HLTH SVCS INC,913903100,913903,long,common,677233918,4554670,1.13,791813619,4424281,130389,2.9,added,yes,1,59922860164,424,UNIVERSAL HEALTH SERVICES-B,Common Stock,openfigi_us
First Eagle Investment,1325447,2026-06-30,2026-08-05,37,EQR,EQUITY RESIDENTIAL,29476L107,29476L,long,common,647312318,9529108,1.08,560132358,9469693,59415,0.6,added,yes,1,59922860164,424,,,cached
First Eagle Investment,1325447,2026-06-30,2026-08-05,38,BXP,BXP INC,101121101,101121,long,common,627773161,9467247,1.048,484977511,9344461,122786,1.3,added,yes,1,59922860164,424,BXP INC,REIT,openfigi_us
First Eagle Investment,1325447,2026-06-30,2026-08-05,39,NTR,NUTRIEN LTD,67077M108,67077M,long,common,627690944,9971263,1.047,753760236,9988867,-17604,-0.2,trimmed,yes,1,59922860164,424,NUTRIEN LTD,Common Stock,openfigi_us
First Eagle Investment,1325447,2026-06-30,2026-08-05,40,NOV,NOV INC,62955J103,62955J,long,common,569201026,30684691,0.95,684841237,36408359,-5723668,-15.7,trimmed,yes,1,59922860164,424,NOV INC,Common Stock,openfigi_us
First Eagle Investment,1325447,2026-06-30,2026-08-05,41,AXP,AMERICAN EXPRESS CO,025816109,025816,long,common,568309886,1680147,0.948,502911575,1662628,17519,1.1,added,yes,1,59922860164,424,AMERICAN EXPRESS CO,Common Stock,openfigi_us
First Eagle Investment,1325447,2026-06-30,2026-08-05,42,EXR,EXTRA SPACE STORAGE INC,30225T102,30225T,long,common,563327680,3876997,0.94,503367589,3838691,38306,1.0,added,yes,1,59922860164,424,EXTRA SPACE STORAGE INC,REIT,openfigi_us
First Eagle Investment,1325447,2026-06-30,2026-08-05,43,USB,US BANCORP,902973304,902973,long,common,551032694,9123058,0.92,469030558,9018084,104974,1.2,added,yes,1,59922860164,424,,,cached
First Eagle Investment,1325447,2026-06-30,2026-08-05,44,OMC,OMNICOM GROUP INC,681919106,681919,long,common,534805905,7343209,0.892,549997441,7303113,40096,0.5,added,yes,1,59922860164,424,OMNICOM GROUP,Common Stock,openfigi_us
First Eagle Investment,1325447,2026-06-30,2026-08-05,45,FISV,FISERV INC,337738108,337738,long,common,532573753,10857773,0.889,418234081,7495234,3362539,44.9,added,yes,1,59922860164,424,,,cached
First Eagle Investment,1325447,2026-06-30,2026-08-05,46,,NOBLE CORP PLC,G65431127,G65431,long,common,520602144,13957162,0.869,665479759,13561846,395316,2.9,added,yes,1,59922860164,424,,,openfigi_miss
First Eagle Investment,1325447,2026-06-30,2026-08-05,47,DG,DOLLAR GEN CORP,256677105,256677,long,common,517995082,4500001,0.864,529015978,4455622,44379,1.0,added,yes,1,59922860164,424,DOLLAR GENERAL CORP,Common Stock,openfigi_us
First Eagle Investment,1325447,2026-06-30,2026-08-05,48,DIS,DISNEY WALT CO,254687106,254687,long,common,517371936,5375293,0.863,506388477,5254083,121210,2.3,added,no,1,59922860164,424,,,cached
First Eagle Investment,1325447,2026-06-30,2026-08-05,49,CHTR,CHARTER COMMUNICATIONS INC,16119P108,16119P,long,common,510156591,3587347,0.851,772884861,3580160,7187,0.2,added,yes,1,59922860164,424,CHARTER COMMUNICATIONS INC-A,Common Stock,openfigi_us
First Eagle Investment,1325447,2026-06-30,2026-08-05,50,WAT,WATERS CORP,941848103,941848,long,common,500718821,1335108,0.836,469090716,1575187,-240079,-15.2,trimmed,yes,1,59922860164,424,WATERS CORP,Common Stock,openfigi_us
First Eagle Investment,1325447,2026-06-30,2026-08-05,51,CSL,CARLISLE COS INC,142339100,142339,long,common,447829385,1234540,0.747,264615707,793165,441375,55.6,added,yes,1,59922860164,424,CARLISLE COS INC,Common Stock,openfigi_us
First Eagle Investment,1325447,2026-06-30,2026-08-05,52,CFR,CULLEN FROST BANKERS INC,229899109,229899,long,common,429203714,2777658,0.716,310606008,2265874,511784,22.6,added,yes,1,59922860164,424,CULLEN/FROST BANKERS INC,Common Stock,openfigi_us
First Eagle Investment,1325447,2026-06-30,2026-08-05,53,FNF,FIDELITY NATL FINL INC,31620R303,31620R,long,common,423355429,8977002,0.707,411859388,8880108,96894,1.1,added,yes,1,59922860164,424,FIDELITY NATIONAL FINANCIAL,Common Stock,openfigi_us
First Eagle Investment,1325447,2026-06-30,2026-08-05,54,BRK/A,BERKSHIRE HATHAWAY INC DEL,084670108,084670,long,common,423100250,565,0.706,405749100,565,0,0.0,flat,yes,1,59922860164,424,BERKSHIRE HATHAWAY INC-CL A,Common Stock,openfigi_us
First Eagle Investment,1325447,2026-06-30,2026-08-05,55,,MAGNUM ICE CREAM CO NV,N5505D105,N5505D,long,common,400636428,23021501,0.669,333724977,22709344,312157,1.4,added,yes,1,59922860164,424,,,openfigi_miss
First Eagle Investment,1325447,2026-06-30,2026-08-05,56,IPGP,IPG PHOTONICS CORP,44980X109,44980X,long,common,391717575,3338881,0.654,526351862,4593349,-1254468,-27.3,trimmed,yes,1,59922860164,424,IPG PHOTONICS CORP,Common Stock,openfigi_us
First Eagle Investment,1325447,2026-06-30,2026-08-05,57,CMI,CUMMINS INC,231021106,231021,long,common,382899584,536868,0.639,412785412,767231,-230363,-30.0,trimmed,yes,1,59922860164,424,CUMMINS INC,Common Stock,openfigi_us
First Eagle Investment,1325447,2026-06-30,2026-08-05,58,DE,DEERE & CO,244199105,244199,long,common,340558456,536879,0.568,300252983,533025,3854,0.7,added,yes,1,59922860164,424,DEERE & CO,Common Stock,openfigi_us
First Eagle Investment,1325447,2026-06-30,2026-08-05,59,EXPD,EXPEDITORS INTL WASH INC,302130109,302130,long,common,329380621,2020988,0.55,851528886,5945185,-3924197,-66.0,trimmed,yes,1,59922860164,424,,,cached
First Eagle Investment,1325447,2026-06-30,2026-08-05,60,HCC,WARRIOR MET COAL INC,93627C101,93627C,long,common,314824367,3879058,0.525,0,0,3879058,,new,yes,1,59922860164,424,WARRIOR MET COAL INC,Common Stock,openfigi_us
First Eagle Investment,1325447,2026-06-30,2026-08-05,61,AGI,ALAMOS GOLD INC,011532108,011532,long,common,186874865,6169791,0.312,274546129,6169791,0,0.0,flat,yes,1,59922860164,424,ALAMOS GOLD INC-CLASS A,Common Stock,openfigi_us
First Eagle Investment,1325447,2026-06-30,2026-08-05,62,GOOGL,ALPHABET INC,02079K305,02079K,long,common,185447155,518922,0.309,344565032,1198237,-679315,-56.7,trimmed,no,1,59922860164,424,,,cached
First Eagle Investment,1325447,2026-06-30,2026-08-05,63,CCU,COMPANIA CERVECERIAS UNIDAS,204429104,204429,long,common,180538759,16119532,0.301,182967201,16120458,-926,-0.0,trimmed,yes,1,59922860164,424,CIA CERVECERIAS UNI-SPON ADR,ADR,openfigi_us
First Eagle Investment,1325447,2026-06-30,2026-08-05,64,RGLD,ROYAL GOLD INC,780287108,780287,long,common,172021103,861786,0.287,233524096,917616,-55830,-6.1,trimmed,yes,1,59922860164,424,ROYAL GOLD INC,Common Stock,openfigi_us
First Eagle Investment,1325447,2026-06-30,2026-08-05,65,DEI,DOUGLAS EMMETT INC,25960P109,25960P,long,common,164708270,13958328,0.275,131484859,13958053,275,0.0,added,yes,1,59922860164,424,DOUGLAS EMMETT INC,REIT,openfigi_us
First Eagle Investment,1325447,2026-06-30,2026-08-05,66,FERG,FERGUSON ENTERPRISES INC,31488V107,31488V,long,common,156413286,659054,0.261,147725657,633309,25745,4.1,added,yes,1,59922860164,424,,,cached
First Eagle Investment,1325447,2026-06-30,2026-08-05,67,KGC,KINROSS GOLD CORP,496902404,496902,long,common,151522135,6414993,0.253,217943106,7140993,-726000,-10.2,trimmed,yes,1,59922860164,424,KINROSS GOLD CORP,Common Stock,openfigi_us
First Eagle Investment,1325447,2026-06-30,2026-08-05,68,,ANGLOGOLD ASHANTI PLC,G0378L100,G0378L,long,common,120581024,1490679,0.201,145132507,1490679,0,0.0,flat,yes,1,59922860164,424,,,openfigi_miss
First Eagle Investment,1325447,2026-06-30,2026-08-05,69,GFI,GOLD FIELDS LTD,38059T106,38059T,long,common,118767656,3535804,0.198,160525502,3535804,0,0.0,flat,yes,1,59922860164,424,GOLD FIELDS LTD-SPONS ADR,ADR,openfigi_us
First Eagle Investment,1325447,2026-06-30,2026-08-05,70,PAAS,PAN AMERN SILVER CORP,697900108,697900,long,common,108262748,2417389,0.181,132268244,2417389,0,0.0,flat,yes,1,59922860164,424,PAN AMERICAN SILVER CORP,Common Stock,openfigi_us
First Eagle Investment,1325447,2026-06-30,2026-08-05,71,BTI,BRITISH AMERN TOB PLC,110448107,110448,long,common,106156304,1718852,0.177,97558479,1668522,50330,3.0,added,yes,1,59922860164,424,BRITISH AMERICAN TOB-SP ADR,ADR,openfigi_us
First Eagle Investment,1325447,2026-06-30,2026-08-05,72,BIL,SPDR SERIES TRUST,78468R663,78468R,long,common,98710529,1077155,0.165,124942854,1363410,-286255,-21.0,trimmed,yes,1,59922860164,424,SS SPDR BB 1-3M T-BILL ETF,ETP,openfigi_us
First Eagle Investment,1325447,2026-06-30,2026-08-05,73,SHEL,SHELL PLC,780259305,780259,long,common,83220937,1073265,0.139,98302907,1057021,16244,1.5,added,yes,1,59922860164,424,SHELL PLC-ADR,ADR,openfigi_us
First Eagle Investment,1325447,2026-06-30,2026-08-05,74,EPD,ENTERPRISE PRODS PARTNERS L,293792107,293792,long,common,71977403,1958036,0.12,73465641,1941481,16555,0.9,added,yes,1,59922860164,424,,,cached
First Eagle Investment,1325447,2026-06-30,2026-08-05,75,UL,UNILEVER PLC,904767803,904767,long,common,50651521,842507,0.085,45914397,805940,36567,4.5,added,yes,1,59922860164,424,UNILEVER PLC-SPONSORED ADR,ADR,openfigi_us
First Eagle Investment,1325447,2026-06-30,2026-08-05,76,UCTT,ULTRA CLEAN HLDGS INC,90385V107,90385V,long,common,49611339,347930,0.083,26992338,434100,-86170,-19.9,trimmed,yes,1,59922860164,424,ULTRA CLEAN HOLDINGS INC,Common Stock,openfigi_us
First Eagle Investment,1325447,2026-06-30,2026-08-05,77,,ORLA MNG LTD NEW,68634K106,68634K,long,common,46581004,4767826,0.078,76685062,4767826,0,0.0,flat,yes,1,59922860164,424,,,openfigi_miss
First Eagle Investment,1325447,2026-06-30,2026-08-05,78,NG,NOVAGOLD RESOURCES INC,66987E206,66987E,long,common,44688011,7485429,0.075,82372902,9172929,-1687500,-18.4,trimmed,yes,1,59922860164,424,NOVAGOLD RESOURCES INC,Common Stock,openfigi_us
First Eagle Investment,1325447,2026-06-30,2026-08-05,79,DEO,DIAGEO PLC,25243Q205,25243Q,long,common,44542940,554155,0.074,11852014,159194,394961,248.1,added,yes,1,59922860164,424,DIAGEO PLC-SPONSORED ADR,ADR,openfigi_us
First Eagle Investment,1325447,2026-06-30,2026-08-05,80,VSH,VISHAY INTERTECHNOLOGY INC,928298108,928298,long,common,43895935,816213,0.073,19144296,1063572,-247359,-23.3,trimmed,no,1,59922860164,424,,,cached
First Eagle Investment,1325447,2026-06-30,2026-08-05,81,SIMO,SILICON MOTION TECHNOLOGY CO,82706C108,82706C,long,common,41911914,125737,0.07,18914015,168439,-42702,-25.4,trimmed,yes,1,59922860164,424,SILICON MOTION TECHNOL-ADR,ADR,openfigi_us
First Eagle Investment,1325447,2026-06-30,2026-08-05,82,KOF,COCA-COLA FEMSA SAB DE CV,191241108,191241,long,common,41728519,392739,0.07,38311689,392739,0,0.0,flat,yes,1,59922860164,424,COCA-COLA FEMSA SAB-SP ADR,ADR,openfigi_us
First Eagle Investment,1325447,2026-06-30,2026-08-05,83,LYG,LLOYDS BANKING GROUP PLC,539439109,539439,long,common,40820245,7001757,0.068,37242887,7404153,-402396,-5.4,trimmed,yes,1,59922860164,424,LLOYDS BANKING GROUP PLC-ADR,ADR,openfigi_us
First Eagle Investment,1325447,2026-06-30,2026-08-05,84,COHU,COHU INC,192576106,192576,long,common,40542074,548533,0.068,14515962,474068,74465,15.7,added,yes,1,59922860164,424,COHU INC,Common Stock,openfigi_us
First Eagle Investment,1325447,2026-06-30,2026-08-05,85,HLN,HALEON PLC,405552100,405552,long,common,39417910,4224856,0.066,40366759,4032643,192213,4.8,added,yes,1,59922860164,424,HALEON PLC-ADR,ADR,openfigi_us
First Eagle Investment,1325447,2026-06-30,2026-08-05,86,BAC 7.25 PERP L,BANK OF AMER CORP,060505682,060505,long,common,37184635,29641,0.062,35319030,29641,0,0.0,flat,yes,1,59922860164,424,BANK OF AMERICA CORP,PUBLIC,openfigi_foreign
First Eagle Investment,1325447,2026-06-30,2026-08-05,87,BKD,BROOKDALE SR LIVING INC,112463104,112463,long,common,37012583,2300347,0.062,25521189,1865584,434763,23.3,added,yes,1,59922860164,424,BROOKDALE SENIOR LIVING INC,Common Stock,openfigi_us
First Eagle Investment,1325447,2026-06-30,2026-08-05,88,BTG,B2GOLD CORP,11777Q209,11777Q,long,common,36359299,9702684,0.061,44089315,9702684,0,0.0,flat,yes,1,59922860164,424,B2GOLD CORP,Common Stock,openfigi_us
First Eagle Investment,1325447,2026-06-30,2026-08-05,89,HNGE,HINGE HEALTH INC,433313103,433313,long,common,35701786,430142,0.06,12992484,336942,93200,27.7,added,yes,1,59922860164,424,,,cached
First Eagle Investment,1325447,2026-06-30,2026-08-05,90,MTRN,MATERION CORP,576690101,576690,long,common,35478627,119300,0.059,14747068,101950,17350,17.0,added,no,1,59922860164,424,,,cached
First Eagle Investment,1325447,2026-06-30,2026-08-05,91,VECO,VEECO INSTRS INC DEL,922417100,922417,long,common,35160058,463853,0.059,13252161,391381,72472,18.5,added,yes,1,59922860164,424,VEECO INSTRUMENTS INC,Common Stock,openfigi_us
First Eagle Investment,1325447,2026-06-30,2026-08-05,92,BHE,BENCHMARK ELECTRS INC,08160H101,08160H,long,common,34629618,350964,0.058,16625658,296569,54395,18.3,added,yes,1,59922860164,424,BENCHMARK ELECTRONICS INC,Common Stock,openfigi_us
First Eagle Investment,1325447,2026-06-30,2026-08-05,93,AEIS,ADVANCED ENERGY INDS,007973100,007973,long,common,34130656,91535,0.057,26403487,81818,9717,11.9,added,yes,1,59922860164,424,,,cached
First Eagle Investment,1325447,2026-06-30,2026-08-05,94,NPO,ENPRO INC,29355X107,29355X,long,common,33972701,90130,0.057,17509156,69855,20275,29.0,added,yes,1,59922860164,424,ENPRO INC,Common Stock,openfigi_us
First Eagle Investment,1325447,2026-06-30,2026-08-05,95,BRK/B,BERKSHIRE HATHAWAY INC DEL,084670702,084670,long,common,33839489,67626,0.056,27603257,57603,10023,17.4,added,no,1,59922860164,424,,,cached
First Eagle Investment,1325447,2026-06-30,2026-08-05,96,RELX,RELX PLC,759530108,759530,long,common,32964875,1040886,0.055,26590796,802136,238750,29.8,added,yes,1,59922860164,424,RELX PLC - SPON ADR,ADR,openfigi_us
First Eagle Investment,1325447,2026-06-30,2026-08-05,97,DCO,DUCOMMUN INC DEL,264147109,264147,long,common,32666599,176376,0.055,18760672,153776,22600,14.7,added,yes,1,59922860164,424,DUCOMMUN INC,Common Stock,openfigi_us
First Eagle Investment,1325447,2026-06-30,2026-08-05,98,ROG,ROGERS CORP,775133101,775133,long,common,30825120,188268,0.051,14148026,131818,56450,42.8,added,yes,1,59922860164,424,,,cached
First Eagle Investment,1325447,2026-06-30,2026-08-05,99,LINC,LINCOLN EDL SVCS CORP,533535100,533535,long,common,30714947,615530,0.051,27875156,685230,-69700,-10.2,trimmed,yes,1,59922860164,424,LINCOLN EDUCATIONAL SERVICES,Common Stock,openfigi_us
First Eagle Investment,1325447,2026-06-30,2026-08-05,100,ONTO,ONTO INNOVATION INC,683344105,683344,long,common,30008815,79294,0.05,8814524,42983,36311,84.5,added,yes,1,59922860164,424,,,cached
First Eagle Investment,1325447,2026-06-30,2026-08-05,101,WFC 7.5 PERP L,WELLS FARGO & CO,949746804,949746,long,common,29782337,25741,0.05,29730855,25741,0,0.0,flat,yes,1,59922860164,424,WELLS FARGO & COMPANY,PUBLIC,openfigi_foreign
First Eagle Investment,1325447,2026-06-30,2026-08-05,102,ABCB,AMERIS BANCORP,03076K108,03076K,long,common,29689131,328929,0.05,19300263,247471,81458,32.9,added,yes,1,59922860164,424,,,cached
First Eagle Investment,1325447,2026-06-30,2026-08-05,103,TTMI,TTM TECHNOLOGIES INC,87305R109,87305R,long,common,29439567,157414,0.049,21867965,224471,-67057,-29.9,trimmed,no,1,59922860164,424,,,cached
First Eagle Investment,1325447,2026-06-30,2026-08-05,104,IBP,INSTALLED BLDG PRODS INC,45780R101,45780R,long,common,29319080,127563,0.049,16927971,63843,63720,99.8,added,yes,1,59922860164,424,INSTALLED BUILDING PRODUCTS,Common Stock,openfigi_us
First Eagle Investment,1325447,2026-06-30,2026-08-05,105,ITUB,ITAU UNIBANCO HLDG S A,465562106,465562,long,common,28890396,3536156,0.048,27757158,3312310,223846,6.8,added,yes,1,59922860164,424,ITAU UNIBANCO H-SPON PRF ADR,ADR,openfigi_us
First Eagle Investment,1325447,2026-06-30,2026-08-05,106,PLXS,PLEXUS CORP,729132100,729132,long,common,27684791,92077,0.046,13679754,67541,24536,36.3,added,yes,1,59922860164,424,PLEXUS CORP,Common Stock,openfigi_us
First Eagle Investment,1325447,2026-06-30,2026-08-05,107,KALU,KAISER ALUMINIUM CORPORATION,483007704,483007,long,common,27081256,138431,0.045,13347808,110761,27670,25.0,added,yes,1,59922860164,424,KAISER ALUMINUM CORP,Common Stock,openfigi_us
First Eagle Investment,1325447,2026-06-30,2026-08-05,108,KWR,QUAKER HOUGHTON,747316107,747316,long,common,25891679,162974,0.043,11744456,94538,68436,72.4,added,yes,1,59922860164,424,QUAKER CHEMICAL CORPORATION,Common Stock,openfigi_us
First Eagle Investment,1325447,2026-06-30,2026-08-05,109,ONB,OLD NATL BANCORP IND,680033107,680033,long,common,25563248,986998,0.043,15398927,696784,290214,41.7,added,yes,1,59922860164,424,,,cached
First Eagle Investment,1325447,2026-06-30,2026-08-05,110,CECO,CECO ENVIRONMENTAL CORP,125141101,125141,long,common,24891979,274322,0.042,14448805,242511,31811,13.1,added,yes,1,59922860164,424,CECO ENVIRONMENTAL CORP,Common Stock,openfigi_us
First Eagle Investment,1325447,2026-06-30,2026-08-05,111,SPB,SPECTRUM BRANDS HOLDINGS INC,84790A105,84790A,long,common,24792212,289122,0.041,17118446,232272,56850,24.5,added,yes,1,59922860164,424,SPECTRUM BRANDS HOLDINGS INC,Common Stock,openfigi_us
First Eagle Investment,1325447,2026-06-30,2026-08-05,112,MAMA,MAMAS CREATIONS INC,56146T103,56146T,long,common,24620309,1379289,0.041,18768030,1223470,155819,12.7,added,yes,1,59922860164,424,MAMA'S CREATIONS INC,Common Stock,openfigi_us
First Eagle Investment,1325447,2026-06-30,2026-08-05,113,UTI,UNIVERSAL TECHNICAL INST INC,913915104,913915,long,common,24388951,570235,0.041,17044074,472135,98100,20.8,added,yes,1,59922860164,424,UNIVERSAL TECHNICAL INSTITUT,Common Stock,openfigi_us
First Eagle Investment,1325447,2026-06-30,2026-08-05,114,RELY,REMITLY GLOBAL INC,75960P104,75960P,long,common,24040417,1072754,0.04,13028884,831454,241300,29.0,added,yes,1,59922860164,424,REMITLY GLOBAL INC,Common Stock,openfigi_us
First Eagle Investment,1325447,2026-06-30,2026-08-05,115,GHM,GRAHAM CORP,384556106,384556,long,common,24029248,194113,0.04,17008286,215513,-21400,-9.9,trimmed,yes,1,59922860164,424,GRAHAM CORP,Common Stock,openfigi_us
First Eagle Investment,1325447,2026-06-30,2026-08-05,116,HLIT,HARMONIC INC,413160102,413160,long,common,23615352,1446133,0.039,10604266,1180876,265257,22.5,added,yes,1,59922860164,424,HARMONIC INC,Common Stock,openfigi_us
First Eagle Investment,1325447,2026-06-30,2026-08-05,117,CAE,CAE INC,124765108,124765,long,common,22994610,919313,0.038,24350123,935036,-15723,-1.7,trimmed,yes,1,59922860164,424,CAE INC,Common Stock,openfigi_us
First Eagle Investment,1325447,2026-06-30,2026-08-05,118,LPX,LOUISIANA PAC CORP,546347105,546347,long,common,22953224,291803,0.038,16871453,231910,59893,25.8,added,yes,1,59922860164,424,LOUISIANA-PACIFIC CORP,Common Stock,openfigi_us
First Eagle Investment,1325447,2026-06-30,2026-08-05,119,MRVI,MARAVAI LIFESCIENCES HLDGS I,56600D107,56600D,long,common,22908831,3671287,0.038,7143871,2524336,1146951,45.4,added,yes,1,59922860164,424,MARAVAI LIFESCIENCES HLDGS-A,Common Stock,openfigi_us
First Eagle Investment,1325447,2026-06-30,2026-08-05,120,HRI,HERC HLDGS INC,42704L104,42704L,long,common,22263425,155319,0.037,9858735,99033,56286,56.8,added,yes,1,59922860164,424,HERC HOLDINGS INC,Common Stock,openfigi_us
First Eagle Investment,1325447,2026-06-30,2026-08-05,121,,TE CONNECTIVITY PLC,G87052109,G87052,long,common,22144640,109839,0.037,22114316,105800,4039,3.8,added,yes,1,59922860164,424,,,openfigi_miss
First Eagle Investment,1325447,2026-06-30,2026-08-05,122,CMC,COMMERCIAL METALS CO,201723103,201723,long,common,21985466,350366,0.037,17541091,285546,64820,22.7,added,yes,1,59922860164,424,COMMERCIAL METALS CO,Common Stock,openfigi_us
First Eagle Investment,1325447,2026-06-30,2026-08-05,123,DORM,DORMAN PRODS INC,258278100,258278,long,common,21646701,158642,0.036,9532451,91342,67300,73.7,added,yes,1,59922860164,424,DORMAN PRODUCTS INC,Common Stock,openfigi_us
First Eagle Investment,1325447,2026-06-30,2026-08-05,124,AMBQ,AMBIQ MICRO INC,023193105,023193,long,common,21579990,244394,0.036,7091245,279073,-34679,-12.4,trimmed,yes,1,59922860164,424,AMBIQ MICRO INC,Common Stock,openfigi_us
First Eagle Investment,1325447,2026-06-30,2026-08-05,125,SBCF,SEACOAST BKG CORP FLA,811707801,811707,long,common,21531536,647565,0.036,15298419,505065,142500,28.2,added,yes,1,59922860164,424,SEACOAST BANKING CORP/FL,Common Stock,openfigi_us
First Eagle Investment,1325447,2026-06-30,2026-08-05,126,PNTG,PENNANT GROUP INC,70805E109,70805E,long,common,21079975,570500,0.035,13136880,431000,139500,32.4,added,yes,1,59922860164,424,PENNANT GROUP INC/THE,Common Stock,openfigi_us
First Eagle Investment,1325447,2026-06-30,2026-08-05,127,AX,AXOS FINANCIAL INC,05465C100,05465C,long,common,20774456,213312,0.035,14006835,164612,48700,29.6,added,yes,1,59922860164,424,AXOS FINANCIAL INC,Common Stock,openfigi_us
First Eagle Investment,1325447,2026-06-30,2026-08-05,128,TKR,TIMKEN CO,887389104,887389,long,common,20678600,142297,0.035,9237053,91847,50450,54.9,added,no,1,59922860164,424,,,cached
First Eagle Investment,1325447,2026-06-30,2026-08-05,129,AMRC,AMERESCO INC,02361E108,02361E,long,common,20674636,749081,0.035,14161018,555334,193747,34.9,added,yes,1,59922860164,424,AMERESCO INC-CL A,Common Stock,openfigi_us
First Eagle Investment,1325447,2026-06-30,2026-08-05,130,AIN,ALBANY INTL CORP,012348108,012348,long,common,20273611,272129,0.034,10694122,204829,67300,32.9,added,yes,1,59922860164,424,ALBANY INTL CORP-CL A,Common Stock,openfigi_us
First Eagle Investment,1325447,2026-06-30,2026-08-05,131,FLYW,FLYWIRE CORPORATION,302492103,302492,long,common,20269402,1153637,0.034,9321743,800837,352800,44.1,added,yes,1,59922860164,424,FLYWIRE CORP-VOTING,Common Stock,openfigi_us
First Eagle Investment,1325447,2026-06-30,2026-08-05,132,CYRX,CRYOPORT INC,229050307,229050,long,common,19961357,1271424,0.033,6167350,744849,526575,70.7,added,yes,1,59922860164,424,CRYOPORT INC,Common Stock,openfigi_us
First Eagle Investment,1325447,2026-06-30,2026-08-05,133,FUL,FULLER H B CO,359694106,359694,long,common,19780304,339343,0.033,14099246,228587,110756,48.5,added,yes,1,59922860164,424,H.B. FULLER CO.,Common Stock,openfigi_us
First Eagle Investment,1325447,2026-06-30,2026-08-05,134,SLP,SIMULATIONS PLUS INC,829214105,829214,long,common,19602356,1070582,0.033,8771256,742069,328513,44.3,added,yes,1,59922860164,424,SIMULATIONS PLUS INC,Common Stock,openfigi_us
First Eagle Investment,1325447,2026-06-30,2026-08-05,135,ASYS,AMTECH SYS INC,032332504,032332,long,common,19581672,848426,0.033,9723051,832453,15973,1.9,added,yes,1,59922860164,424,AMTECH SYSTEMS INC,Common Stock,openfigi_us
First Eagle Investment,1325447,2026-06-30,2026-08-05,136,,DORIAN LPG LTD,Y2106R110,Y2106R,long,common,19456802,559425,0.032,13506435,394925,164500,41.7,added,yes,1,59922860164,424,,,openfigi_miss
First Eagle Investment,1325447,2026-06-30,2026-08-05,137,CON,CONCENTRA GROUP HOLDINGS PAR,20603L102,20603L,long,common,19279755,648059,0.032,8576268,399826,248233,62.1,added,yes,1,59922860164,424,,,cached
First Eagle Investment,1325447,2026-06-30,2026-08-05,138,,NAVIGATOR HLDGS LTD,Y62132108,Y62132,long,common,19204158,1030819,0.032,15089365,780619,250200,32.1,added,yes,1,59922860164,424,,,openfigi_miss
First Eagle Investment,1325447,2026-06-30,2026-08-05,139,LAD,LITHIA MTRS INC,536797103,536797,long,common,19165368,65976,0.032,10912764,43700,22276,51.0,added,yes,1,59922860164,424,LITHIA MOTORS INC,Common Stock,openfigi_us
First Eagle Investment,1325447,2026-06-30,2026-08-05,140,CBT,CABOT CORP,127055101,127055,long,common,18931429,208450,0.032,10291112,136650,71800,52.5,added,yes,1,59922860164,424,CABOT CORP,Common Stock,openfigi_us
First Eagle Investment,1325447,2026-06-30,2026-08-05,141,EXTR,EXTREME NETWORKS INC,30226D106,30226D,long,common,18868991,582916,0.031,5271063,349540,233376,66.8,added,yes,1,59922860164,424,EXTREME NETWORKS INC,Common Stock,openfigi_us
First Eagle Investment,1325447,2026-06-30,2026-08-05,142,HD,HOME DEPOT INC,437076102,437076,long,common,18613039,52776,0.031,16719123,50835,1941,3.8,added,no,1,59922860164,424,,,cached
First Eagle Investment,1325447,2026-06-30,2026-08-05,143,ACA,ARCOSA INC,039653100,039653,long,common,18573874,127840,0.031,13441145,126636,1204,1.0,added,no,1,59922860164,424,,,cached
First Eagle Investment,1325447,2026-06-30,2026-08-05,144,PKOH,PARK-OHIO HLDGS CORP,700666100,700666,long,common,18373217,477847,0.031,11569178,481247,-3400,-0.7,trimmed,yes,1,59922860164,424,PARK-OHIO HOLDINGS CORP,Common Stock,openfigi_us
First Eagle Investment,1325447,2026-06-30,2026-08-05,145,WCC,WESCO INTL INC,95082P105,95082P,long,common,18220742,52748,0.03,13997852,51158,1590,3.1,added,yes,1,59922860164,424,WESCO INTERNATIONAL INC,Common Stock,openfigi_us
First Eagle Investment,1325447,2026-06-30,2026-08-05,146,,GOLAR LNG LTD,G9456A100,G9456A,long,common,17958448,360322,0.03,15014010,277472,82850,29.9,added,yes,1,59922860164,424,,,openfigi_miss
First Eagle Investment,1325447,2026-06-30,2026-08-05,147,KRE,SPDR SERIES TRUST,78464A698,78464A,long,common,17707190,236569,0.03,11474153,176119,60450,34.3,added,yes,1,59922860164,424,,,cached
First Eagle Investment,1325447,2026-06-30,2026-08-05,148,ABM,ABM INDS INC,000957100,000957,long,common,17699760,400085,0.03,11285397,292975,107110,36.6,added,yes,1,59922860164,424,ABM INDUSTRIES INC,Common Stock,openfigi_us
First Eagle Investment,1325447,2026-06-30,2026-08-05,149,UNH,UNITEDHEALTH GROUP INC,91324P102,91324P,long,common,17607749,42364,0.029,11041155,40804,1560,3.8,added,no,1,59922860164,424,,,cached
First Eagle Investment,1325447,2026-06-30,2026-08-05,150,ESI,ELEMENT SOLUTIONS INC,28618M106,28618M,long,common,17505150,366600,0.029,1928910,56500,310100,548.8,added,yes,1,59922860164,424,ELEMENT SOLUTIONS INC,Common Stock,openfigi_us
First Eagle Investment,1325447,2026-06-30,2026-08-05,151,CHEF,CHEFS WHSE INC,163086101,163086,long,common,17443976,181519,0.029,9956211,167472,14047,8.4,added,yes,1,59922860164,424,CHEFS' WAREHOUSE INC/THE,Common Stock,openfigi_us
First Eagle Investment,1325447,2026-06-30,2026-08-05,152,BDC,BELDEN INC,077454106,077454,long,common,17435994,145409,0.029,11777654,102566,42843,41.8,added,yes,1,59922860164,424,,,cached
First Eagle Investment,1325447,2026-06-30,2026-08-05,153,ADTN,ADTRAN HOLDINGS INC,00486H105,00486H,long,common,17354247,1248507,0.029,17218334,1368707,-120200,-8.8,trimmed,yes,1,59922860164,424,ADTRAN HOLDINGS INC,Common Stock,openfigi_us
First Eagle Investment,1325447,2026-06-30,2026-08-05,154,MSTR 0 12/01/29,STRATEGY INC,594972AS0,594972,long,convertible_note,17236000,20000000,0.029,16590000000,20000000000,-19980000000,-99.9,trimmed,yes,1,59922860164,424,STRATEGY INC,GLOBAL,openfigi_foreign
First Eagle Investment,1325447,2026-06-30,2026-08-05,155,CDNA,CAREDX INC,14167L103,14167L,long,common,17057165,598497,0.028,9988337,575365,23132,4.0,added,yes,1,59922860164,424,CAREDX INC,Common Stock,openfigi_us
First Eagle Investment,1325447,2026-06-30,2026-08-05,156,FORM,FORMFACTOR INC,346375108,346375,long,common,16974490,106137,0.028,17443457,179848,-73711,-41.0,trimmed,yes,1,59922860164,424,FORMFACTOR INC,Common Stock,openfigi_us
First Eagle Investment,1325447,2026-06-30,2026-08-05,157,LOCO,EL POLLO LOCO HLDGS INC,268603107,268603,long,common,16888751,995799,0.028,7973561,575293,420506,73.1,added,yes,1,59922860164,424,EL POLLO LOCO HOLDINGS INC,Common Stock,openfigi_us
First Eagle Investment,1325447,2026-06-30,2026-08-05,158,LFST,LIFESTANCE HEALTH GROUP INC,53228F101,53228F,long,common,16739366,1562966,0.028,10258668,1610466,-47500,-2.9,trimmed,yes,1,59922860164,424,LIFESTANCE HEALTH GROUP INC,Common Stock,openfigi_us
First Eagle Investment,1325447,2026-06-30,2026-08-05,159,CENX,CENTURY ALUM CO,156431108,156431,long,common,16672184,362360,0.028,9571576,163087,199273,122.2,added,yes,1,59922860164,424,CENTURY ALUMINUM COMPANY,Common Stock,openfigi_us
First Eagle Investment,1325447,2026-06-30,2026-08-05,160,TITN,TITAN MACHY INC,88830R101,88830R,long,common,16619307,786899,0.028,13396047,801199,-14300,-1.8,trimmed,yes,1,59922860164,424,TITAN MACHINERY INC,Common Stock,openfigi_us
First Eagle Investment,1325447,2026-06-30,2026-08-05,161,ASTE,ASTEC INDS INC,046224101,046224,long,common,16619204,271600,0.028,14011860,260250,11350,4.4,added,yes,1,59922860164,424,ASTEC INDUSTRIES INC,Common Stock,openfigi_us
First Eagle Investment,1325447,2026-06-30,2026-08-05,162,FLOC,FLOWCO HLDGS INC,342909108,342909,long,common,16614577,778565,0.028,11718619,568865,209700,36.9,added,yes,1,59922860164,424,FLOWCO HOLDINGS INC-CL A,Common Stock,openfigi_us
First Eagle Investment,1325447,2026-06-30,2026-08-05,163,GFF,GRIFFON CORP,398433102,398433,long,common,16595412,170157,0.028,0,0,170157,,new,yes,1,59922860164,424,GRIFFON CORP,Common Stock,openfigi_us
First Eagle Investment,1325447,2026-06-30,2026-08-05,164,VLY,VALLEY NATL BANCORP,919794107,919794,long,common,16378700,1118000,0.027,11930020,971500,146500,15.1,added,yes,1,59922860164,424,,,cached
First Eagle Investment,1325447,2026-06-30,2026-08-05,165,TMHC*,TAYLOR MORRISON HOME CORP,87724P106,87724P,long,common,16328096,227601,0.027,13986569,240154,-12553,-5.2,trimmed,no,1,59922860164,424,,,cached
First Eagle Investment,1325447,2026-06-30,2026-08-05,166,,AXIS CAP HLDGS LTD,G0692U109,G0692U,long,common,16325401,151949,0.027,9202856,90749,61200,67.4,added,yes,1,59922860164,424,,,openfigi_miss
First Eagle Investment,1325447,2026-06-30,2026-08-05,167,MUR,MURPHY OIL CORP,626717102,626717,long,common,16195344,497400,0.027,8497500,206000,291400,141.5,added,yes,1,59922860164,424,MURPHY OIL CORP,Common Stock,openfigi_us
First Eagle Investment,1325447,2026-06-30,2026-08-05,168,HSTM,HEALTHSTREAM INC,42222N103,42222N,long,common,16129221,591898,0.027,8816206,425698,166200,39.0,added,yes,1,59922860164,424,HEALTHSTREAM INC,Common Stock,openfigi_us
First Eagle Investment,1325447,2026-06-30,2026-08-05,169,TRNS,TRANSCAT INC,893529107,893529,long,common,16113871,173697,0.027,11241302,153047,20650,13.5,added,yes,1,59922860164,424,TRANSCAT INC,Common Stock,openfigi_us
First Eagle Investment,1325447,2026-06-30,2026-08-05,170,OIS,OIL STS INTL INC,678026105,678026,long,common,16065473,2005677,0.027,23788772,2043709,-38032,-1.9,trimmed,yes,1,59922860164,424,OIL STATES INTERNATIONAL INC,Common Stock,openfigi_us
First Eagle Investment,1325447,2026-06-30,2026-08-05,171,TRN,TRINITY INDS INC,896522109,896522,long,common,16021571,463319,0.027,13374620,415619,47700,11.5,added,yes,1,59922860164,424,TRINITY INDUSTRIES INC,Common Stock,openfigi_us
First Eagle Investment,1325447,2026-06-30,2026-08-05,172,CVLG,COVENANT LOGISTICS GROUP INC,22284P105,22284P,long,common,15857616,358932,0.026,6737381,248154,110778,44.6,added,yes,1,59922860164,424,COVENANT LOGISTICS GROUP INC,Common Stock,openfigi_us
First Eagle Investment,1325447,2026-06-30,2026-08-05,173,,SCORPIO TANKERS INC,Y7542C130,Y7542C,long,common,15841009,228718,0.026,17550177,235068,-6350,-2.7,trimmed,yes,1,59922860164,424,,,openfigi_miss
First Eagle Investment,1325447,2026-06-30,2026-08-05,174,AXGN,AXOGEN INC,05463X106,05463X,long,common,15754346,341077,0.026,11747567,354590,-13513,-3.8,trimmed,yes,1,59922860164,424,AXOGEN INC,Common Stock,openfigi_us
First Eagle Investment,1325447,2026-06-30,2026-08-05,175,ATRO,ASTRONICS CORP,046433108,046433,long,common,15660915,192726,0.026,12833914,192326,400,0.2,added,yes,1,59922860164,424,ASTRONICS CORP,Common Stock,openfigi_us
First Eagle Investment,1325447,2026-06-30,2026-08-05,176,TXN,TEXAS INSTRS INC,882508104,882508,long,common,15638028,52464,0.026,713319392,3674253,-3621789,-98.6,trimmed,no,1,59922860164,424,,,cached
First Eagle Investment,1325447,2026-06-30,2026-08-05,177,IIIN,INSTEEL INDS INC,45774W108,45774W,long,common,15445911,511454,0.026,12803864,380954,130500,34.3,added,yes,1,59922860164,424,INSTEEL INDUSTRIES INC,Common Stock,openfigi_us
First Eagle Investment,1325447,2026-06-30,2026-08-05,178,IIIV,I3 VERTICALS INC,46571Y107,46571Y,long,common,15443472,723009,0.026,8544583,382137,340872,89.2,added,yes,1,59922860164,424,I3 VERTICALS INC-CLASS A,Common Stock,openfigi_us
First Eagle Investment,1325447,2026-06-30,2026-08-05,179,LXU,LSB INDS INC,502160104,502160,long,common,15338309,1418900,0.026,16166500,1085000,333900,30.8,added,yes,1,59922860164,424,LSB INDUSTRIES INC,Common Stock,openfigi_us
First Eagle Investment,1325447,2026-06-30,2026-08-05,180,DGII,DIGI INTL INC,253798102,253798,long,common,15234262,203259,0.025,8372774,173709,29550,17.0,added,yes,1,59922860164,424,DIGI INTERNATIONAL INC,Common Stock,openfigi_us
First Eagle Investment,1325447,2026-06-30,2026-08-05,181,,GATES INDL CORP PLC,G39108108,G39108,long,common,15014296,536800,0.025,1887935,83500,453300,542.9,added,yes,1,59922860164,424,,,openfigi_miss
First Eagle Investment,1325447,2026-06-30,2026-08-05,182,NGS,NATURAL GAS SVCS GROUP INC,63886Q109,63886Q,long,common,14999131,347685,0.025,10838475,287188,60497,21.1,added,yes,1,59922860164,424,NATURAL GAS SERVICES GROUP,Common Stock,openfigi_us
First Eagle Investment,1325447,2026-06-30,2026-08-05,183,BCC,BOISE CASCADE CO DEL,09739D100,09739D,long,common,14998737,193208,0.025,12917862,170308,22900,13.4,added,yes,1,59922860164,424,BOISE CASCADE CO,Common Stock,openfigi_us
First Eagle Investment,1325447,2026-06-30,2026-08-05,184,SMBK,SMARTFINANCIAL INC,83190L208,83190L,long,common,14983386,319339,0.025,8755444,224039,95300,42.5,added,yes,1,59922860164,424,SMARTFINANCIAL INC,Common Stock,openfigi_us
First Eagle Investment,1325447,2026-06-30,2026-08-05,185,TRS,TRIMAS CORP,896215209,896215,long,common,14929967,331556,0.025,11429136,318006,13550,4.3,added,yes,1,59922860164,424,TRIMAS CORP,Common Stock,openfigi_us
First Eagle Investment,1325447,2026-06-30,2026-08-05,186,,ACCENTURE PLC IRELAND,G1151C101,G1151C,long,common,14757588,118592,0.025,17894482,90244,28348,31.4,added,yes,1,59922860164,424,,,openfigi_miss
First Eagle Investment,1325447,2026-06-30,2026-08-05,187,OTIS,OTIS WORLDWIDE CORP,68902V107,68902V,long,common,14739775,205863,0.025,15110249,196033,9830,5.0,added,yes,1,59922860164,424,OTIS WORLDWIDE CORP,Common Stock,openfigi_us
First Eagle Investment,1325447,2026-06-30,2026-08-05,188,MTW,MANITOWOC CO INC,563571405,563571,long,common,14720469,1059789,0.025,9858055,846185,213604,25.2,added,yes,1,59922860164,424,MANITOWOC COMPANY INC,Common Stock,openfigi_us
First Eagle Investment,1325447,2026-06-30,2026-08-05,189,TALO,TALOS ENERGY INC,87484T108,87484T,long,common,14553443,1127300,0.024,7941464,503900,623400,123.7,added,yes,1,59922860164,424,TALOS ENERGY INC,Common Stock,openfigi_us
First Eagle Investment,1325447,2026-06-30,2026-08-05,190,LRN,STRIDE INC,86333M108,86333M,long,common,14470986,167799,0.024,376310,4268,163531,3831.6,added,yes,1,59922860164,424,STRIDE INC,Common Stock,openfigi_us
First Eagle Investment,1325447,2026-06-30,2026-08-05,191,PWP,PERELLA WEINBERG PARTNERS,71367G102,71367G,long,common,14382977,901189,0.024,11169436,615057,286132,46.5,added,yes,1,59922860164,424,PERELLA WEINBERG PARTNERS,Common Stock,openfigi_us
First Eagle Investment,1325447,2026-06-30,2026-08-05,192,SONO,SONOS INC,83570H108,83570H,long,common,14286678,1055926,0.024,9500653,709004,346922,48.9,added,yes,1,59922860164,424,SONOS INC,Common Stock,openfigi_us
First Eagle Investment,1325447,2026-06-30,2026-08-05,193,NTGR,NETGEAR INC,64111Q104,64111Q,long,common,14272571,611245,0.024,6310559,288945,322300,111.5,added,yes,1,59922860164,424,NETGEAR INC,Common Stock,openfigi_us
First Eagle Investment,1325447,2026-06-30,2026-08-05,194,REPX,RILEY EXPLORATION PERMIAN IN,76665T102,76665T,long,common,14203980,430946,0.024,6712195,184148,246798,134.0,added,yes,1,59922860164,424,RILEY EXPLORATION PERMIAN IN,Common Stock,openfigi_us
First Eagle Investment,1325447,2026-06-30,2026-08-05,195,DY,DYCOM INDS INC,267475101,267475,long,common,14175227,28037,0.024,10636237,31392,-3355,-10.7,trimmed,yes,1,59922860164,424,,,cached
First Eagle Investment,1325447,2026-06-30,2026-08-05,196,OUT,OUTFRONT MEDIA INC,69007J304,69007J,long,common,14022427,428035,0.023,14377178,542535,-114500,-21.1,trimmed,yes,1,59922860164,424,OUTFRONT MEDIA INC,REIT,openfigi_us
First Eagle Investment,1325447,2026-06-30,2026-08-05,197,SYNA,SYNAPTICS INC,87157D109,87157D,long,common,13994012,112646,0.023,0,0,112646,,new,yes,1,59922860164,424,SYNAPTICS INC,Common Stock,openfigi_us
First Eagle Investment,1325447,2026-06-30,2026-08-05,198,HZO,MARINEMAX INC,567908108,567908,long,common,13858912,378452,0.023,9093567,336052,42400,12.6,added,yes,1,59922860164,424,MARINEMAX INC,Common Stock,openfigi_us
First Eagle Investment,1325447,2026-06-30,2026-08-05,199,MEC,MAYVILLE ENGR CO INC,578605107,578605,long,common,13844280,369575,0.023,7253146,404075,-34500,-8.5,trimmed,yes,1,59922860164,424,MAYVILLE ENGINEERING CO INC,Common Stock,openfigi_us
First Eagle Investment,1325447,2026-06-30,2026-08-05,200,PXED,PHOENIX ED PARTNERS INC,718968100,718968,long,common,13649504,415510,0.023,8676983,275810,139700,50.7,added,yes,1,59922860164,424,PHOENIX EDUCATION PARTNERS I,Common Stock,openfigi_us
First Eagle Investment,1325447,2026-06-30,2026-08-05,201,RRBI,RED RIVER BANCSHARES INC,75686R202,75686R,long,common,13632577,149349,0.023,7053235,77988,71361,91.5,added,yes,1,59922860164,424,RED RIVER BANCSHARES INC,Common Stock,openfigi_us
First Eagle Investment,1325447,2026-06-30,2026-08-05,202,ACLS,AXCELIS TECHNOLOGIES INC,054540208,054540,long,common,13626191,71925,0.023,9359287,100551,-28626,-28.5,trimmed,yes,1,59922860164,424,AXCELIS TECHNOLOGIES INC,Common Stock,openfigi_us
First Eagle Investment,1325447,2026-06-30,2026-08-05,203,MTRX,MATRIX SVC CO,576853105,576853,long,common,13565973,990217,0.023,9767287,850809,139408,16.4,added,yes,1,59922860164,424,MATRIX SERVICE CO,Common Stock,openfigi_us
First Eagle Investment,1325447,2026-06-30,2026-08-05,204,DCOM,DIME COML BANCSHARES INC,25432X102,25432X,long,common,13481979,331660,0.022,9102991,269160,62500,23.2,added,yes,1,59922860164,424,,,cached
First Eagle Investment,1325447,2026-06-30,2026-08-05,205,HCSG,HEALTHCARE SVCS GROUP INC,421906108,421906,long,common,13459740,548035,0.022,8802624,474535,73500,15.5,added,yes,1,59922860164,424,HEALTHCARE SERVICES GROUP,Common Stock,openfigi_us
First Eagle Investment,1325447,2026-06-30,2026-08-05,206,BKH,BLACK HILLS CORP,092113109,092113,long,common,13242456,177990,0.022,8937926,128770,49220,38.2,added,yes,1,59922860164,424,BLACK HILLS CORP,Common Stock,openfigi_us
First Eagle Investment,1325447,2026-06-30,2026-08-05,207,BRZE,BRAZE INC,10576N102,10576N,long,common,13226866,609814,0.022,3742185,158500,451314,284.7,added,yes,1,59922860164,424,BRAZE INC-A,Common Stock,openfigi_us
First Eagle Investment,1325447,2026-06-30,2026-08-05,208,,WHITESTONE REIT,966084204,966084,long,common,13219670,697240,0.022,11985157,742115,-44875,-6.0,trimmed,yes,1,59922860164,424,,,openfigi_miss
First Eagle Investment,1325447,2026-06-30,2026-08-05,209,FVR,FRONTVIEW REIT INC,35922N100,35922N,long,common,13166210,650826,0.022,8928139,577126,73700,12.8,added,yes,1,59922860164,424,,,cached
First Eagle Investment,1325447,2026-06-30,2026-08-05,210,FLS,FLOWSERVE CORP,34354P105,34354P,long,common,13156652,177409,0.022,8215404,111759,65650,58.7,added,yes,1,59922860164,424,,,cached
First Eagle Investment,1325447,2026-06-30,2026-08-05,211,,STAR BULK CARRIERS CORP.,Y8162K204,Y8162K,long,common,12859550,515000,0.021,0,0,515000,,new,yes,1,59922860164,424,,,openfigi_miss
First Eagle Investment,1325447,2026-06-30,2026-08-05,212,FIP,FTAI INFRASTRUCTURE INC,35953C106,35953C,long,common,12748688,2747562,0.021,12476276,2525562,222000,8.8,added,yes,1,59922860164,424,FTAI INFRASTRUCTURE INC,Common Stock,openfigi_us
First Eagle Investment,1325447,2026-06-30,2026-08-05,213,MGNI,MAGNITE INC,55955D100,55955D,long,common,12731556,670788,0.021,5349421,450288,220500,49.0,added,yes,1,59922860164,424,MAGNITE INC,Common Stock,openfigi_us
First Eagle Investment,1325447,2026-06-30,2026-08-05,214,UMH,UMH PPTYS INC,903002103,903002,long,common,12614936,833219,0.021,11037781,764919,68300,8.9,added,yes,1,59922860164,424,UMH PROPERTIES INC,REIT,openfigi_us
First Eagle Investment,1325447,2026-06-30,2026-08-05,215,DV,DOUBLEVERIFY HLDGS INC,25862V105,25862V,long,common,12574400,1160000,0.021,6032500,635000,525000,82.7,added,yes,1,59922860164,424,DOUBLEVERIFY HOLDINGS INC,Common Stock,openfigi_us
First Eagle Investment,1325447,2026-06-30,2026-08-05,216,SIBN,SI BONE INC,825704109,825704,long,common,12549117,768941,0.021,8069825,638941,130000,20.3,added,yes,1,59922860164,424,SI-BONE INC,Common Stock,openfigi_us
First Eagle Investment,1325447,2026-06-30,2026-08-05,217,OGS,ONE GAS INC,68235P108,68235P,long,common,12390081,160764,0.021,9238648,107264,53500,49.9,added,yes,1,59922860164,424,ONE GAS INC,Common Stock,openfigi_us
First Eagle Investment,1325447,2026-06-30,2026-08-05,218,LNC,LINCOLN NATL CORP IND,534187109,534187,long,common,12328313,348750,0.021,15205005,428310,-79560,-18.6,trimmed,yes,1,59922860164,424,,,cached
First Eagle Investment,1325447,2026-06-30,2026-08-05,219,COLB,COLUMBIA BKG SYS INC,197236102,197236,long,common,12326430,384600,0.021,6281470,229000,155600,67.9,added,yes,1,59922860164,424,COLUMBIA BANKING SYSTEM INC,Common Stock,openfigi_us
First Eagle Investment,1325447,2026-06-30,2026-08-05,220,JBTM,JBT MAREL CORPORATION,477839104,477839,long,common,12223500,84300,0.02,8055810,63000,21300,33.8,added,yes,1,59922860164,424,,,cached
First Eagle Investment,1325447,2026-06-30,2026-08-05,221,SRTA,STRATA CRITICAL MEDICAL INC,092667104,092667,long,common,12198016,2314614,0.02,9472895,2266243,48371,2.1,added,no,1,59922860164,424,,,cached
First Eagle Investment,1325447,2026-06-30,2026-08-05,222,RDNT,RADNET INC,750491102,750491,long,common,12027870,195036,0.02,5261261,94136,100900,107.2,added,no,1,59922860164,424,,,cached
First Eagle Investment,1325447,2026-06-30,2026-08-05,223,SKY,CHAMPION HOMES INC,830830105,830830,long,common,11947221,135579,0.02,10127037,136171,-592,-0.4,trimmed,no,1,59922860164,424,,,cached
First Eagle Investment,1325447,2026-06-30,2026-08-05,224,QTRX,QUANTERIX CORP,74766Q101,74766Q,long,common,11893673,2753165,0.02,4576306,1300087,1453078,111.8,added,yes,1,59922860164,424,QUANTERIX CORP,Common Stock,openfigi_us
First Eagle Investment,1325447,2026-06-30,2026-08-05,225,NMIH,NMI HLDGS INC,629209305,629209,long,common,11869627,288869,0.02,10261123,273557,15312,5.6,added,yes,1,59922860164,424,NMI HOLDINGS INC,Common Stock,openfigi_us
First Eagle Investment,1325447,2026-06-30,2026-08-05,226,TNC,TENNANT CO,880345103,880345,long,common,11630302,132857,0.019,2128518,32056,100801,314.5,added,no,1,59922860164,424,,,cached
First Eagle Investment,1325447,2026-06-30,2026-08-05,227,HUN,HUNTSMAN CORP,447011107,447011,long,common,11618461,1094017,0.019,10250497,770135,323882,42.1,added,no,1,59922860164,424,,,cached
First Eagle Investment,1325447,2026-06-30,2026-08-05,228,AIR,AAR CORP,000361105,000361,long,common,11585763,81059,0.019,7004565,63992,17067,26.7,added,yes,1,59922860164,424,,,cached
First Eagle Investment,1325447,2026-06-30,2026-08-05,229,,FABRINET,G3323L100,G3323L,long,common,11565358,20576,0.019,7926061,15198,5378,35.4,added,no,1,59922860164,424,,,openfigi_miss
First Eagle Investment,1325447,2026-06-30,2026-08-05,230,NPKI,NPK INTERNATIONAL INC,651718504,651718,long,common,11471142,721002,0.019,3967666,273821,447181,163.3,added,yes,1,59922860164,424,NPK INTERNATIONAL INC,Common Stock,openfigi_us
First Eagle Investment,1325447,2026-06-30,2026-08-05,231,QXO,QXO INC,82846H405,82846H,long,common,11454808,662894,0.019,4334233,223184,439710,197.0,added,no,1,59922860164,424,,,cached
First Eagle Investment,1325447,2026-06-30,2026-08-05,232,OSIS,OSI SYSTEMS INC,671044105,671044,long,common,11407829,52162,0.019,6548007,24662,27500,111.5,added,yes,1,59922860164,424,OSI SYSTEMS INC,Common Stock,openfigi_us
First Eagle Investment,1325447,2026-06-30,2026-08-05,233,ORI,OLD REP INTL CORP,680223104,680223,long,common,11366717,277779,0.019,10677799,267614,10165,3.8,added,yes,1,59922860164,424,OLD REPUBLIC INTL CORP,Common Stock,openfigi_us
First Eagle Investment,1325447,2026-06-30,2026-08-05,234,CENTA,CENTRAL GARDEN & PET CO,153527205,153527,long,common,11240896,289938,0.019,8443400,260438,29500,11.3,added,yes,1,59922860164,424,CENTRAL GARDEN AND PET CO-A,Common Stock,openfigi_us
First Eagle Investment,1325447,2026-06-30,2026-08-05,235,INTT,INTEST CORP,461147100,461147,long,common,11130978,612602,0.019,5788992,424102,188500,44.4,added,yes,1,59922860164,424,INTEST CORP,Common Stock,openfigi_us
First Eagle Investment,1325447,2026-06-30,2026-08-05,236,PUMP,PROPETRO HLDG CORP,74347M108,74347M,long,common,11125445,775833,0.019,7461974,517833,258000,49.8,added,no,1,59922860164,424,,,cached
First Eagle Investment,1325447,2026-06-30,2026-08-05,237,,STEVANATO GROUP S P A,T9224W109,T9224W,long,common,11045938,611286,0.018,2165625,157500,453786,288.1,added,yes,1,59922860164,424,,,openfigi_miss
First Eagle Investment,1325447,2026-06-30,2026-08-05,238,NTCT,NETSCOUT SYS INC,64115T104,64115T,long,common,10817907,248402,0.018,6358064,200002,48400,24.2,added,yes,1,59922860164,424,NETSCOUT SYSTEMS INC,Common Stock,openfigi_us
First Eagle Investment,1325447,2026-06-30,2026-08-05,239,ITRI,ITRON INC,465741106,465741,long,common,10815125,124987,0.018,0,0,124987,,new,no,1,59922860164,424,,,cached
First Eagle Investment,1325447,2026-06-30,2026-08-05,240,DIN,DINE BRANDS GLOBAL INC,254423106,254423,long,common,10637995,296323,0.018,0,0,296323,,new,yes,1,59922860164,424,DINE BRANDS GLOBAL INC,Common Stock,openfigi_us
First Eagle Investment,1325447,2026-06-30,2026-08-05,241,CAKE,CHEESECAKE FACTORY INC,163072101,163072,long,common,10625828,133591,0.018,8080607,147591,-14000,-9.5,trimmed,yes,1,59922860164,424,CHEESECAKE FACTORY INC/THE,Common Stock,openfigi_us
First Eagle Investment,1325447,2026-06-30,2026-08-05,242,IPI,INTREPID POTASH INC,46121Y201,46121Y,long,common,10606002,323551,0.018,6469005,151251,172300,113.9,added,yes,1,59922860164,424,INTREPID POTASH INC,Common Stock,openfigi_us
First Eagle Investment,1325447,2026-06-30,2026-08-05,243,VSEC,VSE CORP,918284100,918284,long,common,10378927,45422,0.017,3489217,18922,26500,140.0,added,no,1,59922860164,424,,,cached
First Eagle Investment,1325447,2026-06-30,2026-08-05,244,ENSG,ENSIGN GROUP INC,29358P101,29358P,long,common,10355380,64600,0.017,251271,1247,63353,5080.4,added,yes,1,59922860164,424,ENSIGN GROUP INC/THE,Common Stock,openfigi_us
First Eagle Investment,1325447,2026-06-30,2026-08-05,245,VPG,VISHAY PRECISION GROUP INC,92835K103,92835K,long,common,10343790,69000,0.017,3147950,72500,-3500,-4.8,trimmed,yes,1,59922860164,424,VISHAY PRECISION GROUP,Common Stock,openfigi_us
First Eagle Investment,1325447,2026-06-30,2026-08-05,246,SKT,TANGER INC,875465106,875465,long,common,10314498,261325,0.017,6708502,197425,63900,32.4,added,yes,1,59922860164,424,TANGER INC,REIT,openfigi_us
First Eagle Investment,1325447,2026-06-30,2026-08-05,247,CTOS,CUSTOM TRUCK ONE SOURCE INC,23204X103,23204X,long,common,10177303,861753,0.017,5031450,765822,95931,12.5,added,yes,1,59922860164,424,CUSTOM TRUCK ONE SOURCE INC,Common Stock,openfigi_us
First Eagle Investment,1325447,2026-06-30,2026-08-05,248,VIAV,VIAVI SOLUTIONS INC,925550105,925550,long,common,10165975,212900,0.017,18630144,559800,-346900,-62.0,trimmed,no,1,59922860164,424,,,cached
First Eagle Investment,1325447,2026-06-30,2026-08-05,249,UTZ,UTZ BRANDS INC,918090101,918090,long,common,10154375,1318750,0.017,8947620,1129750,189000,16.7,added,yes,1,59922860164,424,UTZ BRANDS INC,Common Stock,openfigi_us
First Eagle Investment,1325447,2026-06-30,2026-08-05,250,ARLO,ARLO TECHNOLOGIES INC,04206A101,04206A,long,common,10139656,752200,0.017,1316275,92500,659700,713.2,added,yes,1,59922860164,424,ARLO TECHNOLOGIES INC,Common Stock,openfigi_us
First Eagle Investment,1325447,2026-06-30,2026-08-05,251,,CROSS CTRY HEALTHCARE INC,227483104,227483,long,common,9871582,747281,0.016,5543302,589713,157568,26.7,added,yes,1,59922860164,424,,,openfigi_miss
First Eagle Investment,1325447,2026-06-30,2026-08-05,252,CEVA,CEVA INC,157210105,157210,long,common,9861958,209117,0.016,0,0,209117,,new,yes,1,59922860164,424,CEVA INC,Common Stock,openfigi_us
First Eagle Investment,1325447,2026-06-30,2026-08-05,253,GO,GROCERY OUTLET HLDG CORP,39874R101,39874R,long,common,9840340,986006,0.016,0,0,986006,,new,yes,1,59922860164,424,,,cached
First Eagle Investment,1325447,2026-06-30,2026-08-05,254,NVST,ENVISTA HOLDINGS CORPORATION,29415F104,29415F,long,common,9815375,372500,0.016,6710365,264500,108000,40.8,added,yes,1,59922860164,424,ENVISTA HOLDINGS CORP,Common Stock,openfigi_us
First Eagle Investment,1325447,2026-06-30,2026-08-05,255,MG,MISTRAS GROUP INC,60649T107,60649T,long,common,9675847,553855,0.016,4161043,281532,272323,96.7,added,yes,1,59922860164,424,MISTRAS GROUP INC,Common Stock,openfigi_us
First Eagle Investment,1325447,2026-06-30,2026-08-05,256,PSN,PARSONS CORP DEL,70202L102,70202L,long,common,9391274,179257,0.016,0,0,179257,,new,yes,1,59922860164,424,,,cached
First Eagle Investment,1325447,2026-06-30,2026-08-05,257,AVBH,AVIDBANK HLDGS INC,05368J103,05368J,long,common,9381841,284040,0.016,5624190,197340,86700,43.9,added,yes,1,59922860164,424,AVIDBANK HOLDINGS INC,Common Stock,openfigi_us
First Eagle Investment,1325447,2026-06-30,2026-08-05,258,LYTS,LSI INDS INC OHIO,50216C108,50216C,long,common,9059102,340824,0.015,5308849,285422,55402,19.4,added,yes,1,59922860164,424,LSI INDUSTRIES INC,Common Stock,openfigi_us
First Eagle Investment,1325447,2026-06-30,2026-08-05,259,XRAY,DENTSPLY SIRONA INC,24906P109,24906P,long,common,9032792,851347,0.015,175484023,15127933,-14276586,-94.4,trimmed,yes,1,59922860164,424,DENTSPLY SIRONA INC,Common Stock,openfigi_us
First Eagle Investment,1325447,2026-06-30,2026-08-05,260,BBCP,CONCRETE PUMPING HLDGS INC,206704108,206704,long,common,8874837,736501,0.015,4683847,656001,80500,12.3,added,yes,1,59922860164,424,CONCRETE PUMPING HOLDINGS IN,Common Stock,openfigi_us
First Eagle Investment,1325447,2026-06-30,2026-08-05,261,NX,QUANEX BLDG PRODS CORP,747619104,747619,long,common,8829809,474211,0.015,8692880,483744,-9533,-2.0,trimmed,yes,1,59922860164,424,QUANEX BUILDING PRODUCTS,Common Stock,openfigi_us
First Eagle Investment,1325447,2026-06-30,2026-08-05,262,WRBY,WARBY PARKER INC,93403J106,93403J,long,common,8737920,288000,0.015,2846346,135090,152910,113.2,added,yes,1,59922860164,424,WARBY PARKER INC-CLASS A,Common Stock,openfigi_us
First Eagle Investment,1325447,2026-06-30,2026-08-05,263,CDRE,CADRE HLDGS INC,12763L105,12763L,long,common,8737118,306458,0.015,0,0,306458,,new,yes,1,59922860164,424,CADRE HOLDINGS INC,Common Stock,openfigi_us
First Eagle Investment,1325447,2026-06-30,2026-08-05,264,RDN,RADIAN GROUP INC,750236101,750236,long,common,8656604,229801,0.014,5947817,179801,50000,27.8,added,yes,1,59922860164,424,,,cached
First Eagle Investment,1325447,2026-06-30,2026-08-05,265,ATEC,ALPHATEC HLDGS INC,02081G201,02081G,long,common,8620910,996637,0.014,7579411,696637,300000,43.1,added,yes,1,59922860164,424,ALPHATEC HOLDINGS INC,Common Stock,openfigi_us
First Eagle Investment,1325447,2026-06-30,2026-08-05,266,ONEW,ONEWATER MARINE INC,68280L101,68280L,long,common,8538918,757668,0.014,4967563,525668,232000,44.1,added,yes,1,59922860164,424,ONEWATER MARINE INC-CL A,Common Stock,openfigi_us
First Eagle Investment,1325447,2026-06-30,2026-08-05,267,ATRC,ATRICURE INC,04963C209,04963C,long,common,8328051,297643,0.014,7478940,262143,35500,13.5,added,yes,1,59922860164,424,ATRICURE INC,Common Stock,openfigi_us
First Eagle Investment,1325447,2026-06-30,2026-08-05,268,EYE,NATIONAL VISION HLDGS INC,63845R107,63845R,long,common,8167038,429618,0.014,5738197,221552,208066,93.9,added,yes,1,59922860164,424,NATIONAL VISION HOLDINGS INC,Common Stock,openfigi_us
First Eagle Investment,1325447,2026-06-30,2026-08-05,269,STC,STEWART INFORMATION SVCS COR,860372101,860372,long,common,8128250,123118,0.014,7735556,125618,-2500,-2.0,trimmed,yes,1,59922860164,424,STEWART INFORMATION SERVICES,Common Stock,openfigi_us
First Eagle Investment,1325447,2026-06-30,2026-08-05,270,MASS,908 DEVICES INC,65443P102,65443P,long,common,8090870,929985,0.014,4918069,803606,126379,15.7,added,yes,1,59922860164,424,908 DEVICES INC,Common Stock,openfigi_us
First Eagle Investment,1325447,2026-06-30,2026-08-05,271,AVNW,AVIAT NETWORKS INC,05366Y201,05366Y,long,common,8002123,360456,0.013,6583037,291156,69300,23.8,added,yes,1,59922860164,424,AVIAT NETWORKS INC,Common Stock,openfigi_us
First Eagle Investment,1325447,2026-06-30,2026-08-05,272,SMHI,SEACOR MARINE HLDGS INC,78413P101,78413P,long,common,7910016,1033989,0.013,7664701,1070489,-36500,-3.4,trimmed,yes,1,59922860164,424,SEACOR MARINE HOLDINGS INC,Common Stock,openfigi_us
First Eagle Investment,1325447,2026-06-30,2026-08-05,273,PACK,RANPAK HOLDINGS CORP,75321W103,75321W,long,common,7808264,1068162,0.013,2816155,788839,279323,35.4,added,yes,1,59922860164,424,RANPAK HOLDINGS CORP,Common Stock,openfigi_us
First Eagle Investment,1325447,2026-06-30,2026-08-05,274,AORT,ARTIVION INC,228903100,228903,long,common,7787496,346573,0.013,11410828,311601,34972,11.2,added,yes,1,59922860164,424,ARTIVION INC,Common Stock,openfigi_us
First Eagle Investment,1325447,2026-06-30,2026-08-05,275,DNOW,DNOW INC,67011P100,67011P,long,common,7780781,599906,0.013,4213258,353758,246148,69.6,added,yes,1,59922860164,424,DNOW INC,Common Stock,openfigi_us
First Eagle Investment,1325447,2026-06-30,2026-08-05,276,ALKT,ALKAMI TECHNOLOGY INC,01644J108,01644J,long,common,7714191,425728,0.013,0,0,425728,,new,yes,1,59922860164,424,,,cached
First Eagle Investment,1325447,2026-06-30,2026-08-05,277,HOFT,HOOKER FURNISHINGS CORPORATI,439038100,439038,long,common,7489795,420067,0.012,4728209,367097,52970,14.4,added,yes,1,59922860164,424,HOOKER FURNISHINGS CORP,Common Stock,openfigi_us
First Eagle Investment,1325447,2026-06-30,2026-08-05,278,CDE,COEUR MNG INC,192108504,192108,long,common,7411222,454119,0.012,10059406,535930,-81811,-15.3,trimmed,yes,1,59922860164,424,COEUR MINING INC,Common Stock,openfigi_us
First Eagle Investment,1325447,2026-06-30,2026-08-05,279,JOUT,JOHNSON OUTDOORS INC,479167108,479167,long,common,7393472,160588,0.012,6459681,138888,21700,15.6,added,yes,1,59922860164,424,JOHNSON OUTDOORS INC-A,Common Stock,openfigi_us
First Eagle Investment,1325447,2026-06-30,2026-08-05,280,MC,MOELIS & CO,60786M105,60786M,long,common,7196200,110000,0.012,4280757,75101,34899,46.5,added,yes,1,59922860164,424,MOELIS & CO - CLASS A,Common Stock,openfigi_us
First Eagle Investment,1325447,2026-06-30,2026-08-05,281,VITL,VITAL FARMS INC,92847W103,92847W,long,common,7035685,604960,0.012,7511275,531960,73000,13.7,added,yes,1,59922860164,424,,,cached
First Eagle Investment,1325447,2026-06-30,2026-08-05,282,TDC,TERADATA CORP DEL,88076W103,88076W,long,common,6941850,200342,0.012,0,0,200342,,new,yes,1,59922860164,424,TERADATA CORP,Common Stock,openfigi_us
First Eagle Investment,1325447,2026-06-30,2026-08-05,283,,TITAN AMER SA,B9151N105,B9151N,long,common,6940531,371947,0.012,6112919,408072,-36125,-8.9,trimmed,yes,1,59922860164,424,,,openfigi_miss
First Eagle Investment,1325447,2026-06-30,2026-08-05,284,FTK,FLOTEK INDUSTRIES INC,343389409,343389,long,common,6897052,293242,0.012,0,0,293242,,new,yes,1,59922860164,424,FLOTEK INDUSTRIES INC,Common Stock,openfigi_us
First Eagle Investment,1325447,2026-06-30,2026-08-05,285,,SEADRILL LTD,G7997W102,G7997W,long,common,6762519,178808,0.011,2138500,47000,131808,280.4,added,yes,1,59922860164,424,,,openfigi_miss
First Eagle Investment,1325447,2026-06-30,2026-08-05,286,AVAH,AVEANNA HEALTHCARE HLDGS INC,05356F105,05356F,long,common,6553196,764667,0.011,4937335,766667,-2000,-0.3,trimmed,yes,1,59922860164,424,AVEANNA HEALTHCARE HOLDINGS,Common Stock,openfigi_us
First Eagle Investment,1325447,2026-06-30,2026-08-05,287,PEP,PEPSICO INC,713448108,713448,long,common,6530478,48231,0.011,7214308,46457,1774,3.8,added,yes,1,59922860164,424,PEPSICO INC,Common Stock,openfigi_us
First Eagle Investment,1325447,2026-06-30,2026-08-05,288,AMN,AMN HEALTHCARE SVCS INC,001744101,001744,long,common,6351382,196212,0.011,0,0,196212,,new,yes,1,59922860164,424,AMN HEALTHCARE SERVICES INC,Common Stock,openfigi_us
First Eagle Investment,1325447,2026-06-30,2026-08-05,289,SDHC,SMITH DOUGLAS HOMES CORP,83207R107,83207R,long,common,6282418,404274,0.01,4925107,384774,19500,5.1,added,yes,1,59922860164,424,SMITH DOUGLAS HOMES CORP,Common Stock,openfigi_us
First Eagle Investment,1325447,2026-06-30,2026-08-05,290,IDA,IDACORP INC,451107106,451107,long,common,6280160,41508,0.01,5943692,41573,-65,-0.2,trimmed,no,1,59922860164,424,,,cached
First Eagle Investment,1325447,2026-06-30,2026-08-05,291,CMCO,COLUMBUS MCKINNON CORP N Y,199333105,199333,long,common,6234105,412036,0.01,4861462,334581,77455,23.1,added,yes,1,59922860164,424,COLUMBUS MCKINNON CORP/NY,Common Stock,openfigi_us
First Eagle Investment,1325447,2026-06-30,2026-08-05,292,HL,HECLA MINING COMPANY,422704106,422704,long,common,6202860,402000,0.01,9082125,487500,-85500,-17.5,trimmed,yes,1,59922860164,424,HECLA MINING CO,Common Stock,openfigi_us
First Eagle Investment,1325447,2026-06-30,2026-08-05,293,PGNY,PROGYNY INC,74340E103,74340E,long,common,6146902,213212,0.01,3338472,196612,16600,8.4,added,yes,1,59922860164,424,,,cached
First Eagle Investment,1325447,2026-06-30,2026-08-05,294,VMD,VIEMED HEALTHCARE INC,92663R105,92663R,long,common,6100790,535157,0.01,4878141,529657,5500,1.0,added,yes,1,59922860164,424,VIEMED HEALTHCARE INC,Common Stock,openfigi_us
First Eagle Investment,1325447,2026-06-30,2026-08-05,295,TWI,TITAN INTL INC ILL,88830M102,88830M,long,common,6018727,780639,0.01,4634115,670639,110000,16.4,added,yes,1,59922860164,424,TITAN INTERNATIONAL INC,Common Stock,openfigi_us
First Eagle Investment,1325447,2026-06-30,2026-08-05,296,INFU,INFUSYSTEM HLDGS INC,45685K102,45685K,long,common,5983000,620000,0.01,6658254,721371,-101371,-14.1,trimmed,yes,1,59922860164,424,INFUSYSTEM HOLDINGS INC,Common Stock,openfigi_us
First Eagle Investment,1325447,2026-06-30,2026-08-05,297,COUR,COURSERA INC,22266M104,22266M,long,common,5967120,1058000,0.01,0,0,1058000,,new,yes,1,59922860164,424,COURSERA INC,Common Stock,openfigi_us
First Eagle Investment,1325447,2026-06-30,2026-08-05,298,MKTX,MARKETAXESS HLDGS INC,57060D108,57060D,long,common,5626494,49577,0.009,3630,22,49555,225250.0,added,yes,1,59922860164,424,MARKETAXESS HOLDINGS INC,Common Stock,openfigi_us
First Eagle Investment,1325447,2026-06-30,2026-08-05,299,STRW,STRAWBERRY FIELDS REIT INC,863182101,863182,long,common,5567238,404890,0.009,3922109,329589,75301,22.8,added,yes,1,59922860164,424,STRAWBERRY FIELDS REIT INC,REIT,openfigi_us
First Eagle Investment,1325447,2026-06-30,2026-08-05,300,RILY,BRC GROUP HOLDINGS INC,05580M108,05580M,long,common,5474926,680961,0.009,0,0,680961,,new,yes,1,59922860164,424,,,cached
First Eagle Investment,1325447,2026-06-30,2026-08-05,301,EVER,EVERQUOTE INC,30041R108,30041R,long,common,5465919,229757,0.009,3576777,231957,-2200,-0.9,trimmed,yes,1,59922860164,424,EVERQUOTE INC - CLASS A,Common Stock,openfigi_us
First Eagle Investment,1325447,2026-06-30,2026-08-05,302,CALM,CAL MAINE FOODS INC,128030202,128030,long,common,5397520,67000,0.009,0,0,67000,,new,yes,1,59922860164,424,CAL-MAINE FOODS INC,Common Stock,openfigi_us
First Eagle Investment,1325447,2026-06-30,2026-08-05,303,METCB,RAMACO RES INC,75134P501,75134P,long,common,5233096,612058,0.009,5560867,545183,66875,12.3,added,yes,1,59922860164,424,RAMACO RESOURCES INC-B,Common Stock,openfigi_us
First Eagle Investment,1325447,2026-06-30,2026-08-05,304,RLGT,RADIANT LOGISTICS INC,75025X100,75025X,long,common,5226716,552507,0.009,3641374,516507,36000,7.0,added,yes,1,59922860164,424,RADIANT LOGISTICS INC,Common Stock,openfigi_us
First Eagle Investment,1325447,2026-06-30,2026-08-05,305,INSG,INSEEGO CORP,45782B302,45782B,long,common,5204760,503849,0.009,6347841,570849,-67000,-11.7,trimmed,yes,1,59922860164,424,INSEEGO CORP,Common Stock,openfigi_us
First Eagle Investment,1325447,2026-06-30,2026-08-05,306,ESAB,ESAB CORPORATION,29605J106,29605J,long,common,5071357,51418,0.008,0,0,51418,,new,yes,1,59922860164,424,ESAB CORP,Common Stock,openfigi_us
First Eagle Investment,1325447,2026-06-30,2026-08-05,307,,DIANA SHIPPING INC,Y2066G104,Y2066G,long,common,4962882,2363277,0.008,3161503,1264601,1098676,86.9,added,yes,1,59922860164,424,,,openfigi_miss
First Eagle Investment,1325447,2026-06-30,2026-08-05,308,POWW,OUTDOOR HOLDING CO,00175J107,00175J,long,common,4886884,2143370,0.008,4108179,2043870,99500,4.9,added,yes,1,59922860164,424,OUTDOOR HOLDING CO,Common Stock,openfigi_us
First Eagle Investment,1325447,2026-06-30,2026-08-05,309,OSUR,ORASURE TECHNOLOGIES INC,68554V108,68554V,long,common,4739865,1062750,0.008,0,0,1062750,,new,yes,1,59922860164,424,ORASURE TECHNOLOGIES INC,Common Stock,openfigi_us
First Eagle Investment,1325447,2026-06-30,2026-08-05,310,TILE,INTERFACE INC,458665304,458665,long,common,4485125,125143,0.007,3103612,124543,600,0.5,added,yes,1,59922860164,424,INTERFACE INC,Common Stock,openfigi_us
First Eagle Investment,1325447,2026-06-30,2026-08-05,311,FRBT,FORBRIGHT INC,34520K105,34520K,long,common,4389600,240000,0.007,0,0,240000,,new,yes,1,59922860164,424,FORBRIGHT INC -A,Common Stock,openfigi_us
First Eagle Investment,1325447,2026-06-30,2026-08-05,312,HLX,HELIX ENERGY SOLUTIONS GRP I,42330P107,42330P,long,common,4224549,483358,0.007,5205681,526358,-43000,-8.2,trimmed,yes,1,59922860164,424,HELIX ENERGY SOLUTIONS GROUP,Common Stock,openfigi_us
First Eagle Investment,1325447,2026-06-30,2026-08-05,313,ANGO,ANGIODYNAMICS INC,03475V101,03475V,long,common,3596419,276435,0.006,3135107,275735,700,0.3,added,yes,1,59922860164,424,ANGIODYNAMICS INC,Common Stock,openfigi_us
First Eagle Investment,1325447,2026-06-30,2026-08-05,314,ROST,ROSS STORES INC,778296103,778296,long,common,3581840,16828,0.006,3511356,16209,619,3.8,added,yes,1,59922860164,424,ROSS STORES INC,Common Stock,openfigi_us
First Eagle Investment,1325447,2026-06-30,2026-08-05,315,CERT,CERTARA INC,15687V109,15687V,long,common,3405332,519898,0.006,0,0,519898,,new,yes,1,59922860164,424,CERTARA INC,Common Stock,openfigi_us
First Eagle Investment,1325447,2026-06-30,2026-08-05,316,ALTG,ALTA EQUIPMENT GROUP INC,02128L106,02128L,long,common,3364400,520000,0.006,3922447,730437,-210437,-28.8,trimmed,yes,1,59922860164,424,ALTA EQUIPMENT GROUP INC,Common Stock,openfigi_us
First Eagle Investment,1325447,2026-06-30,2026-08-05,317,CIA,CITIZENS INC,174740100,174740,long,common,3352447,584050,0.006,2931233,582750,1300,0.2,added,yes,1,59922860164,424,CITIZENS INC,Common Stock,openfigi_us
First Eagle Investment,1325447,2026-06-30,2026-08-05,318,,ALTISOURCE PORTFOLIO SOLUTIO,L0175J138,L0175J,long,common,3267645,435686,0.005,2775320,435686,0,0.0,flat,yes,1,59922860164,424,,,openfigi_miss
First Eagle Investment,1325447,2026-06-30,2026-08-05,319,MTN,VAIL RESORTS INC,91879Q109,91879Q,long,common,3236149,23769,0.005,3050038,23769,0,0.0,flat,yes,1,59922860164,424,VAIL RESORTS INC,Common Stock,openfigi_us
First Eagle Investment,1325447,2026-06-30,2026-08-05,320,RES,RPC INC,749660106,749660,long,common,3175304,544649,0.005,2387015,337149,207500,61.5,added,yes,1,59922860164,424,RPC INC,Common Stock,openfigi_us
First Eagle Investment,1325447,2026-06-30,2026-08-05,321,TALK,TALKSPACE INC,87427V103,87427V,long,common,3140899,604019,0.005,3445950,665884,-61865,-9.3,trimmed,no,1,59922860164,424,,,cached
First Eagle Investment,1325447,2026-06-30,2026-08-05,322,,AEBI SCHMIDT HLDG AG,H00501108,H00501,long,common,3078515,245300,0.005,3021645,311189,-65889,-21.2,trimmed,yes,1,59922860164,424,,,openfigi_miss
First Eagle Investment,1325447,2026-06-30,2026-08-05,323,PROF,PROFOUND MED CORP,74319B502,74319B,long,common,2927377,440207,0.005,2091141,322707,117500,36.4,added,yes,1,59922860164,424,PROFOUND MEDICAL CORP,Common Stock,openfigi_us
First Eagle Investment,1325447,2026-06-30,2026-08-05,324,WEN,WENDYS CO,95058W100,95058W,long,common,2926561,353023,0.005,0,0,353023,,new,yes,1,59922860164,424,WENDY'S CO/THE,Common Stock,openfigi_us
First Eagle Investment,1325447,2026-06-30,2026-08-05,325,DOUG,DOUGLAS ELLIMAN INC,25961D105,25961D,long,common,2904696,1641071,0.005,2674628,1630871,10200,0.6,added,yes,1,59922860164,424,DOUGLAS ELLIMAN INC,Common Stock,openfigi_us
First Eagle Investment,1325447,2026-06-30,2026-08-05,326,AADX,APPLIED AEROSPACE & DEFENSE,03815J107,03815J,long,common,2847500,125000,0.005,0,0,125000,,new,no,1,59922860164,424,,,cached
First Eagle Investment,1325447,2026-06-30,2026-08-05,327,,LUXFER HLDGS PLC,G5698W116,G5698W,long,common,2841300,157500,0.005,3647057,299430,-141930,-47.4,trimmed,yes,1,59922860164,424,,,openfigi_miss
First Eagle Investment,1325447,2026-06-30,2026-08-05,328,KVHI,KVH INDS INC,482738101,482738,long,common,2807761,283326,0.005,1889001,210826,72500,34.4,added,yes,1,59922860164,424,KVH INDUSTRIES INC,Common Stock,openfigi_us
First Eagle Investment,1325447,2026-06-30,2026-08-05,329,RELL,RICHARDSON ELECTRS LTD,763165107,763165,long,common,2756450,145000,0.005,0,0,145000,,new,yes,1,59922860164,424,RICHARDSON ELEC LTD,Common Stock,openfigi_us
First Eagle Investment,1325447,2026-06-30,2026-08-05,330,,FLEX LTD,Y2573F102,Y2573F,long,common,2685176,16568,0.004,1320459,20172,-3604,-17.9,trimmed,no,1,59922860164,424,,,openfigi_miss
First Eagle Investment,1325447,2026-06-30,2026-08-05,331,KODK,EASTMAN KODAK CO,277461406,277461,long,common,2645500,286000,0.004,2647125,292500,-6500,-2.2,trimmed,yes,1,59922860164,424,EASTMAN KODAK CO,Common Stock,openfigi_us
First Eagle Investment,1325447,2026-06-30,2026-08-05,332,ETD,ETHAN ALLEN INTERIORS INC,297602104,297602,long,common,2574261,115231,0.004,7629192,342731,-227500,-66.4,trimmed,yes,1,59922860164,424,ETHAN ALLEN INTERIORS INC,Common Stock,openfigi_us
First Eagle Investment,1325447,2026-06-30,2026-08-05,333,MATV,MATIV HOLDINGS INC,808541106,808541,long,common,2395822,316489,0.004,9559490,1098792,-782303,-71.2,trimmed,yes,1,59922860164,424,MATIV HOLDINGS INC,Common Stock,openfigi_us
First Eagle Investment,1325447,2026-06-30,2026-08-05,334,SNDA,SONIDA SENIOR LIVING INC,140475203,140475,long,common,2346000,57500,0.004,0,0,57500,,new,yes,1,59922860164,424,SONIDA SENIOR LIVING INC,Common Stock,openfigi_us
First Eagle Investment,1325447,2026-06-30,2026-08-05,335,AIRG,AIRGAIN INC,00938A104,00938A,long,common,2169739,344403,0.004,2050967,372903,-28500,-7.6,trimmed,yes,1,59922860164,424,AIRGAIN INC,Common Stock,openfigi_us
First Eagle Investment,1325447,2026-06-30,2026-08-05,336,NATR,NATURES SUNSHINE PRODS INC,639027101,639027,long,common,2153840,98800,0.004,2370212,98800,0,0.0,flat,yes,1,59922860164,424,NATURES SUNSHINE PRODS INC,Common Stock,openfigi_us
First Eagle Investment,1325447,2026-06-30,2026-08-05,337,WNC,WABASH NATL CORP,929566107,929566,long,common,1895738,140425,0.003,0,0,140425,,new,yes,1,59922860164,424,WABASH NATIONAL CORP,Common Stock,openfigi_us
First Eagle Investment,1325447,2026-06-30,2026-08-05,338,VREX,VAREX IMAGING CORP,92214X106,92214X,long,common,1872195,179501,0.003,0,0,179501,,new,yes,1,59922860164,424,VAREX IMAGING CORP,Common Stock,openfigi_us
First Eagle Investment,1325447,2026-06-30,2026-08-05,339,,NVENT ELEC PLC,G6700G107,G6700G,long,common,1759704,10375,0.003,1222660,10337,38,0.4,added,yes,1,59922860164,424,,,openfigi_miss
First Eagle Investment,1325447,2026-06-30,2026-08-05,340,SBUX,STARBUCKS CORP,855244109,855244,long,common,1737434,17002,0.003,1467126,16376,626,3.8,added,yes,1,59922860164,424,,,cached
First Eagle Investment,1325447,2026-06-30,2026-08-05,341,ENTG,ENTEGRIS INC,29362U104,29362U,long,common,1717483,9549,0.003,1177441,10043,-494,-4.9,trimmed,no,1,59922860164,424,,,cached
First Eagle Investment,1325447,2026-06-30,2026-08-05,342,THC,TENET HEALTHCARE CORP,88033G407,88033G,long,common,1708601,9133,0.003,1022431,5418,3715,68.6,added,yes,1,59922860164,424,,,cached
First Eagle Investment,1325447,2026-06-30,2026-08-05,343,DGX,QUEST DIAGNOSTICS INC,74834L100,74834L,long,common,1612092,7606,0.003,587940,3000,4606,153.5,added,yes,1,59922860164,424,QUEST DIAGNOSTICS INC,Common Stock,openfigi_us
First Eagle Investment,1325447,2026-06-30,2026-08-05,344,TRVG,TRIVAGO N V,89686D303,89686D,long,common,1550439,283444,0.003,768133,283444,0,0.0,flat,yes,1,59922860164,424,TRIVAGO NV - ADR,ADR,openfigi_us
First Eagle Investment,1325447,2026-06-30,2026-08-05,345,LFUS,LITTELFUSE INC,537008104,537008,long,common,1544024,3391,0.003,1136823,3350,41,1.2,added,yes,1,59922860164,424,LITTELFUSE INC,Common Stock,openfigi_us
First Eagle Investment,1325447,2026-06-30,2026-08-05,346,MTDR,MATADOR RES CO,576485205,576485,long,common,1493400,30000,0.002,0,0,30000,,new,yes,1,59922860164,424,MATADOR RESOURCES CO,Common Stock,openfigi_us
First Eagle Investment,1325447,2026-06-30,2026-08-05,347,FLXS,FLEXSTEEL INDS INC,339382103,339382,long,common,1489600,20000,0.002,0,0,20000,,new,yes,1,59922860164,424,FLEXSTEEL INDS,Common Stock,openfigi_us
First Eagle Investment,1325447,2026-06-30,2026-08-05,348,GNRC,GENERAC HLDGS INC,368736104,368736,long,common,1431841,4890,0.002,878985,4500,390,8.7,added,no,1,59922860164,424,,,cached
First Eagle Investment,1325447,2026-06-30,2026-08-05,349,XGN,EXAGEN INC,30068X103,30068X,long,common,1427387,306965,0.002,375726,125242,181723,145.1,added,yes,1,59922860164,424,EXAGEN INC,Common Stock,openfigi_us
First Eagle Investment,1325447,2026-06-30,2026-08-05,350,DAL,DELTA AIR LINES INC,247361702,247361,long,common,1424756,15212,0.002,800818,12046,3166,26.3,added,no,1,59922860164,424,,,cached
First Eagle Investment,1325447,2026-06-30,2026-08-05,351,FOSL,FOSSIL GROUP INC,34988V106,34988V,long,common,1407600,340000,0.002,1465400,340000,0,0.0,flat,yes,1,59922860164,424,FOSSIL GROUP INC,Common Stock,openfigi_us
First Eagle Investment,1325447,2026-06-30,2026-08-05,352,CAH,CARDINAL HEALTH INC,14149Y108,14149Y,long,common,1401604,5900,0.002,1225598,5800,100,1.7,added,yes,1,59922860164,424,CARDINAL HEALTH INC,Common Stock,openfigi_us
First Eagle Investment,1325447,2026-06-30,2026-08-05,353,VOYA,VOYA FINANCIAL INC,929089100,929089,long,common,1357950,15000,0.002,0,0,15000,,new,yes,1,59922860164,424,VOYA FINANCIAL INC,Common Stock,openfigi_us
First Eagle Investment,1325447,2026-06-30,2026-08-05,354,EVR,EVERCORE INC,29977A105,29977A,long,common,1352103,3960,0.002,1165085,3903,57,1.5,added,yes,1,59922860164,424,EVERCORE INC - A,Common Stock,openfigi_us
First Eagle Investment,1325447,2026-06-30,2026-08-05,355,PWR,QUANTA SVCS INC,74762E102,74762E,long,common,1332074,1850,0.002,1015687,1850,0,0.0,flat,yes,1,59922860164,424,,,cached
First Eagle Investment,1325447,2026-06-30,2026-08-05,356,CELH,CELSIUS HLDGS INC,15118V207,15118V,long,common,1327936,45353,0.002,0,0,45353,,new,yes,1,59922860164,424,CELSIUS HOLDINGS INC,Common Stock,openfigi_us
First Eagle Investment,1325447,2026-06-30,2026-08-05,357,RHP,RYMAN HOSPITALITY PPTYS INC,78377T107,78377T,long,common,1312239,10208,0.002,829692,8992,1216,13.5,added,yes,1,59922860164,424,RYMAN HOSPITALITY PROPERTIES,REIT,openfigi_us
First Eagle Investment,1325447,2026-06-30,2026-08-05,358,NCMI,NATIONAL CINEMEDIA INC,635309206,635309,long,common,1306113,343714,0.002,1328635,435618,-91904,-21.1,trimmed,yes,1,59922860164,424,NATIONAL CINEMEDIA INC,Common Stock,openfigi_us
First Eagle Investment,1325447,2026-06-30,2026-08-05,359,,INNIO NV,N52A8C105,N52A8C,long,common,1285375,32500,0.002,0,0,32500,,new,no,1,59922860164,424,,,openfigi_miss
First Eagle Investment,1325447,2026-06-30,2026-08-05,360,,FTAI AVIATION LTD,G3730V105,G3730V,long,common,1267704,4686,0.002,1033655,4219,467,11.1,added,no,1,59922860164,424,,,openfigi_miss
First Eagle Investment,1325447,2026-06-30,2026-08-05,361,,JAMES HARDIE INDS PLC,G4253H101,G4253H,long,common,1261248,48176,0.002,590473,31176,17000,54.5,added,yes,1,59922860164,424,,,openfigi_miss
First Eagle Investment,1325447,2026-06-30,2026-08-05,362,COHR,COHERENT CORP,19247G107,19247G,long,common,1250075,3169,0.002,1075995,4517,-1348,-29.8,trimmed,no,1,59922860164,424,,,cached
First Eagle Investment,1325447,2026-06-30,2026-08-05,363,,SHARKNINJA INC,G8068L108,G8068L,long,common,1241762,8155,0.002,850801,8034,121,1.5,added,yes,1,59922860164,424,,,openfigi_miss
First Eagle Investment,1325447,2026-06-30,2026-08-05,364,PR,PERMIAN RESOURCES CORP,71424F105,71424F,long,common,1229457,66782,0.002,1090348,51142,15640,30.6,added,yes,1,59922860164,424,PERMIAN RESOURCES CORP-CL A,Common Stock,openfigi_us
First Eagle Investment,1325447,2026-06-30,2026-08-05,365,BKR,BAKER HUGHES COMPANY,05722G100,05722G,long,common,1221000,22000,0.002,0,0,22000,,new,yes,1,59922860164,424,BAKER HUGHES CO,Common Stock,openfigi_us
First Eagle Investment,1325447,2026-06-30,2026-08-05,366,,DPC HOLDINGS PLC,G2R11M108,G2R11M,long,common,1198683,24433,0.002,0,0,24433,,new,no,1,59922860164,424,,,openfigi_miss
First Eagle Investment,1325447,2026-06-30,2026-08-05,367,JBHT,HUNT J B TRANS SVCS INC,445658107,445658,long,common,1166982,4032,0.002,960331,4532,-500,-11.0,trimmed,yes,1,59922860164,424,HUNT (JB) TRANSPRT SVCS INC,Common Stock,openfigi_us
First Eagle Investment,1325447,2026-06-30,2026-08-05,368,DINO,HF SINCLAIR CORP,403949100,403949,long,common,1162528,16691,0.002,1041351,16691,0,0.0,flat,yes,1,59922860164,424,HF SINCLAIR CORP,Common Stock,openfigi_us
First Eagle Investment,1325447,2026-06-30,2026-08-05,369,HLLY,HOLLEY INC,43538H103,43538H,long,common,1162282,455797,0.002,1476047,480797,-25000,-5.2,trimmed,yes,1,59922860164,424,HOLLEY INC,Common Stock,openfigi_us
First Eagle Investment,1325447,2026-06-30,2026-08-05,370,CLH,CLEAN HARBORS INC,184496107,184496,long,common,1157358,3874,0.002,1094162,3816,58,1.5,added,yes,1,59922860164,424,,,cached
First Eagle Investment,1325447,2026-06-30,2026-08-05,371,FEMD,FIRST EAGLE ETF TR,32012B203,32012B,long,common,1152014,30001,0.002,1001382,30001,0,0.0,flat,yes,1,59922860164,424,FIRST EAGLE MID C ETY ETF,ETP,openfigi_us
First Eagle Investment,1325447,2026-06-30,2026-08-05,372,DOW,DOW HLDGS INC,260557103,260557,long,common,1094400,40000,0.002,0,0,40000,,new,yes,1,59922860164,424,DOW INC,Common Stock,openfigi_us
First Eagle Investment,1325447,2026-06-30,2026-08-05,373,RKT,ROCKET COS INC,77311W101,77311W,long,common,1063125,67500,0.002,922887,64764,2736,4.2,added,no,1,59922860164,424,,,cached
First Eagle Investment,1325447,2026-06-30,2026-08-05,374,PFGC,PERFORMANCE FOOD GROUP CO,71377A103,71377A,long,common,1044789,9346,0.002,770940,9000,346,3.8,added,no,1,59922860164,424,,,cached
First Eagle Investment,1325447,2026-06-30,2026-08-05,375,USFE,FIRST EAGLE ETF TR,32012B104,32012B,long,common,1014465,30000,0.002,995841,30000,0,0.0,flat,yes,1,59922860164,424,FIRST EAGLE US EQUITY ETF,ETP,openfigi_us
First Eagle Investment,1325447,2026-06-30,2026-08-05,376,TOL,TOLL BROTHERS INC,889478103,889478,long,common,988500,6000,0.002,353594,2591,3409,131.6,added,yes,1,59922860164,424,,,cached
First Eagle Investment,1325447,2026-06-30,2026-08-05,377,CIEN,CIENA CORP,171779309,171779,long,common,981120,2000,0.002,1009398,2600,-600,-23.1,trimmed,yes,1,59922860164,424,,,cached
First Eagle Investment,1325447,2026-06-30,2026-08-05,378,CASY,CASEYS GEN STORES INC,147528103,147528,long,common,953748,1200,0.002,582288,800,400,50.0,added,yes,1,59922860164,424,,,cached
First Eagle Investment,1325447,2026-06-30,2026-08-05,379,LNTH,LANTHEUS HLDGS INC,516544103,516544,long,common,887520,8000,0.001,0,0,8000,,new,yes,1,59922860164,424,LANTHEUS HOLDINGS INC,Common Stock,openfigi_us
First Eagle Investment,1325447,2026-06-30,2026-08-05,380,CW,CURTISS WRIGHT CORP,231561101,231561,long,common,872182,1151,0.001,954249,1401,-250,-17.8,trimmed,yes,1,59922860164,424,CURTISS-WRIGHT CORP,Common Stock,openfigi_us
First Eagle Investment,1325447,2026-06-30,2026-08-05,381,RRX,REGAL REXNORD CORPORATION,758750103,758750,long,common,859866,3610,0.001,1014575,5418,-1808,-33.4,trimmed,yes,1,59922860164,424,REGAL REXNORD CORP,Common Stock,openfigi_us
First Eagle Investment,1325447,2026-06-30,2026-08-05,382,ARMK,ARAMARK,03852U106,03852U,long,common,853500,15000,0.001,445940,11000,4000,36.4,added,yes,1,59922860164,424,,,cached
First Eagle Investment,1325447,2026-06-30,2026-08-05,383,SANM,SANMINA CORP,801056102,801056,long,common,809856,3200,0.001,0,0,3200,,new,yes,1,59922860164,424,SANMINA CORP,Common Stock,openfigi_us
First Eagle Investment,1325447,2026-06-30,2026-08-05,384,OLN,OLIN CORP,680665205,680665,long,common,796645,40194,0.001,6354847,213752,-173558,-81.2,trimmed,yes,1,59922860164,424,OLIN CORP,Common Stock,openfigi_us
First Eagle Investment,1325447,2026-06-30,2026-08-05,385,HURC,HURCO CO,447324104,447324,long,common,686850,30000,0.001,0,0,30000,,new,yes,1,59922860164,424,HURCO COMPANIES INC,Common Stock,openfigi_us
First Eagle Investment,1325447,2026-06-30,2026-08-05,386,XPO,XPO INC,983793100,983793,long,common,673557,3281,0.001,720808,3705,-424,-11.4,trimmed,yes,1,59922860164,424,,,cached
First Eagle Investment,1325447,2026-06-30,2026-08-05,387,PHM,PULTE GROUP INC,745867101,745867,long,common,649278,4732,0.001,356476,3031,1701,56.1,added,yes,1,59922860164,424,PULTEGROUP INC,Common Stock,openfigi_us
First Eagle Investment,1325447,2026-06-30,2026-08-05,388,EQIX,EQUINIX INC,29444U700,29444U,long,common,567060,544,0.001,545994,557,-13,-2.3,trimmed,no,1,59922860164,424,,,cached
First Eagle Investment,1325447,2026-06-30,2026-08-05,389,RS,RELIANCE INC,759509102,759509,long,common,544709,1458,0.001,326410,1074,384,35.8,added,yes,1,59922860164,424,RELIANCE INC,Common Stock,openfigi_us
First Eagle Investment,1325447,2026-06-30,2026-08-05,390,EXEL,EXELIXIS INC,30161Q104,30161Q,long,common,544100,10000,0.001,428900,10000,0,0.0,flat,yes,1,59922860164,424,EXELIXIS INC,Common Stock,openfigi_us
First Eagle Investment,1325447,2026-06-30,2026-08-05,391,TXRH,TEXAS ROADHOUSE INC,882681109,882681,long,common,489645,2534,0.001,526136,3186,-652,-20.5,trimmed,yes,1,59922860164,424,,,cached
First Eagle Investment,1325447,2026-06-30,2026-08-05,392,URI,UNITED RENTALS INC,911363109,911363,long,common,471282,416,0.001,4371,6,410,6833.3,added,yes,1,59922860164,424,UNITED RENTALS INC,Common Stock,openfigi_us
First Eagle Investment,1325447,2026-06-30,2026-08-05,393,BSM,BLACK STONE MINERALS L P,09225M101,09225M,long,common,409111,29285,0.001,453645,30003,-718,-2.4,trimmed,yes,1,59922860164,424,BLACK STONE MINERALS LP,MLP,openfigi_us
First Eagle Investment,1325447,2026-06-30,2026-08-05,394,UGI,UGI CORP NEW,902681105,902681,long,common,394481,11421,0.001,426150,11701,-280,-2.4,trimmed,yes,1,59922860164,424,UGI CORP,Common Stock,openfigi_us
First Eagle Investment,1325447,2026-06-30,2026-08-05,395,LUV,SOUTHWEST AIRLS CO,844741108,844741,long,common,359940,7000,0.001,375700,10000,-3000,-30.0,trimmed,yes,1,59922860164,424,SOUTHWEST AIRLINES CO,Common Stock,openfigi_us
First Eagle Investment,1325447,2026-06-30,2026-08-05,396,RJF,RAYMOND JAMES FINL INC,754730109,754730,long,common,320783,2110,0.001,357776,2471,-361,-14.6,trimmed,yes,1,59922860164,424,RAYMOND JAMES FINANCIAL INC,Common Stock,openfigi_us
First Eagle Investment,1325447,2026-06-30,2026-08-05,397,WMB,WILLIAMS COS INC,969457100,969457,long,common,314533,4231,0.001,315429,4334,-103,-2.4,trimmed,yes,1,59922860164,424,WILLIAMS COS INC,Common Stock,openfigi_us
First Eagle Investment,1325447,2026-06-30,2026-08-05,398,,CRH PLC,G25508105,G25508,long,common,309658,2894,0.001,305046,2964,-70,-2.4,trimmed,no,1,59922860164,424,,,openfigi_miss
First Eagle Investment,1325447,2026-06-30,2026-08-05,399,CP,CANADIAN PACIFIC KANSAS CITY,13646K108,13646K,long,common,304537,3516,0.001,266188,3382,134,4.0,added,yes,1,59922860164,424,,,cached
First Eagle Investment,1325447,2026-06-30,2026-08-05,400,CIGI,COLLIERS INTL GROUP INC,194693107,194693,long,common,294875,3144,0.0,843256,7889,-4745,-60.1,trimmed,yes,1,59922860164,424,COLLIERS INTL GR-SUBORD VOT,Common Stock,openfigi_us
First Eagle Investment,1325447,2026-06-30,2026-08-05,401,DCI,DONALDSON INC,257651109,257651,long,common,287264,3200,0.0,271584,3200,0,0.0,flat,yes,1,59922860164,424,DONALDSON CO INC,Common Stock,openfigi_us
First Eagle Investment,1325447,2026-06-30,2026-08-05,402,TAC,TRANSALTA CORP,89346D107,89346D,long,common,281377,20360,0.0,274304,20859,-499,-2.4,trimmed,yes,1,59922860164,424,TRANSALTA CORP,Common Stock,openfigi_us
First Eagle Investment,1325447,2026-06-30,2026-08-05,403,CNI,CANADIAN NATL RY CO,136375102,136375,long,common,279327,2343,0.0,247069,2400,-57,-2.4,trimmed,yes,1,59922860164,424,CANADIAN NATL RAILWAY CO,Common Stock,openfigi_us
First Eagle Investment,1325447,2026-06-30,2026-08-05,404,EGP,EASTGROUP PPTYS INC,277276101,277276,long,common,223188,1102,0.0,208967,1129,-27,-2.4,trimmed,yes,1,59922860164,424,EASTGROUP PROPERTIES INC,REIT,openfigi_us
First Eagle Investment,1325447,2026-06-30,2026-08-05,405,WLK,WESTLAKE CORPORATION,960413102,960413,long,common,206955,2835,0.0,831524,7118,-4283,-60.2,trimmed,yes,1,59922860164,424,,,cached
First Eagle Investment,1325447,2026-06-30,2026-08-05,406,IAU,ISHARES GOLD TR,464285204,464285,long,common,201461,2668,0.0,252843,2868,-200,-7.0,trimmed,yes,1,59922860164,424,ISHARES GOLD TRUST,ETP,openfigi_us
First Eagle Investment,1325447,2026-06-30,2026-08-05,407,RPM,RPM INTL INC,749685103,749685,long,common,192401,1731,0.0,176236,1773,-42,-2.4,trimmed,yes,1,59922860164,424,RPM INTERNATIONAL INC,Common Stock,openfigi_us
First Eagle Investment,1325447,2026-06-30,2026-08-05,408,SUNB,SUNBELT RENTALS HOLDINGS INC,866966104,866966,long,common,136145,1868,0.0,448903,7146,-5278,-73.9,trimmed,no,1,59922860164,424,,,cached
First Eagle Investment,1325447,2026-06-30,2026-08-05,409,AWK,AMERICAN WTR WKS CO INC NEW,030420103,030420,long,common,79211,602,0.0,83831,616,-14,-2.3,trimmed,yes,1,59922860164,424,AMERICAN WATER WORKS CO INC,Common Stock,openfigi_us
First Eagle Investment,1325447,2026-06-30,2026-08-05,410,GD,GENERAL DYNAMICS CORP,369550108,369550,long,common,34361,97,0.0,33292,97,0,0.0,flat,yes,1,59922860164,424,GENERAL DYNAMICS CORP,Common Stock,openfigi_us
First Eagle Investment,1325447,2026-06-30,2026-08-05,411,TRGP,TARGA RES CORP,87612G101,87612G,long,common,27082,101,0.0,5265,21,80,381.0,added,yes,1,59922860164,424,TARGA RESOURCES CORP,Common Stock,openfigi_us
First Eagle Investment,1325447,2026-06-30,2026-08-05,412,TDY,TELEDYNE TECHNOLOGIES INC,879360105,879360,long,common,22007,33,0.0,4235,7,26,371.4,added,yes,1,59922860164,424,,,cached
First Eagle Investment,1325447,2026-06-30,2026-08-05,413,CNS,COHEN & STEERS INC,19247A100,19247A,long,common,20711,272,0.0,3816,61,211,345.9,added,yes,1,59922860164,424,COHEN & STEERS INC,Common Stock,openfigi_us
First Eagle Investment,1325447,2026-06-30,2026-08-05,414,ODFL,OLD DOMINION FREIGHT LINE IN,679580100,679580,long,common,20577,95,0.0,4103,21,74,352.4,added,yes,1,59922860164,424,OLD DOMINION FREIGHT LINE,Common Stock,openfigi_us
First Eagle Investment,1325447,2026-06-30,2026-08-05,415,,STERIS PLC,G8473T100,G8473T,long,common,20005,95,0.0,3980,18,77,427.8,added,yes,1,59922860164,424,,,openfigi_miss
First Eagle Investment,1325447,2026-06-30,2026-08-05,416,WPC,WP CAREY INC,92936U109,92936U,long,common,19377,271,0.0,4010,59,212,359.3,added,yes,1,59922860164,424,WP CAREY INC,REIT,openfigi_us
First Eagle Investment,1325447,2026-06-30,2026-08-05,417,RGA,REINSURANCE GROUP AMER INC,759351604,759351,long,common,18926,89,0.0,3879,19,70,368.4,added,yes,1,59922860164,424,REINSURANCE GROUP OF AMERICA,Common Stock,openfigi_us
First Eagle Investment,1325447,2026-06-30,2026-08-05,418,GEHC,GE HEALTHCARE TECHNOLOGIES I,36266G107,36266G,long,common,15747,246,0.0,3915,55,191,347.3,added,yes,1,59922860164,424,,,cached
First Eagle Investment,1325447,2026-06-30,2026-08-05,419,BLDR,BUILDERS FIRSTSOURCE INC,12008R107,12008R,long,common,14943,167,0.0,0,0,167,,new,yes,1,59922860164,424,,,cached
First Eagle Investment,1325447,2026-06-30,2026-08-05,420,,ON HLDG AG,H5919C104,H5919C,long,common,13460,380,0.0,0,0,380,,new,no,1,59922860164,424,,,openfigi_miss
First Eagle Investment,1325447,2026-06-30,2026-08-05,421,APD,AIR PRODUCTS AND CHEMICALS I,009158106,009158,long,common,13193,45,0.0,4938,17,28,164.7,added,yes,1,59922860164,424,AIR PRODUCTS & CHEMICALS INC,Common Stock,openfigi_us
First Eagle Investment,1325447,2026-06-30,2026-08-05,422,HLI,HOULIHAN LOKEY INC,441593100,441593,long,common,12072,90,0.0,700147,4875,-4785,-98.2,trimmed,yes,1,59922860164,424,HOULIHAN LOKEY INC,Common Stock,openfigi_us
First Eagle Investment,1325447,2026-06-30,2026-08-05,423,,ALTISOURCE PORTFOLIO SOLUTIO,L0175J112,L0175J,long,common,1134,2834,0.0,1077,2834,0,0.0,flat,yes,1,59922860164,424,,,openfigi_miss
First Eagle Investment,1325447,2026-06-30,2026-08-05,424,,ALTISOURCE PORTFOLIO SOLUTIO,L0175J120,L0175J,long,common,794,2834,0.0,567,2834,0,0.0,flat,yes,1,59922860164,424,,,openfigi_miss
First Eagle Investment,1325447,2026-06-30,2026-08-05,,,ALPHA & OMEGA SEMICONDUCTOR,G6331P104,G6331P,long,common,0,0,0.0,886400,40000,-40000,-100.0,exited,yes,1,59922860164,424,,,openfigi_miss
First Eagle Investment,1325447,2026-06-30,2026-08-05,,LOPE,GRAND CANYON ED INC,38526M106,38526M,long,common,0,0,0.0,4081,24,-24,-100.0,exited,yes,1,59922860164,424,GRAND CANYON EDUCATION INC,Common Stock,openfigi_us
First Eagle Investment,1325447,2026-06-30,2026-08-05,,,FERROGLOBE PLC,G33856108,G33856,long,common,0,0,0.0,8583081,2083272,-2083272,-100.0,exited,yes,1,59922860164,424,,,openfigi_miss
First Eagle Investment,1325447,2026-06-30,2026-08-05,,CLX,CLOROX CO DEL,189054109,189054,long,common,0,0,0.0,3627,35,-35,-100.0,exited,yes,1,59922860164,424,CLOROX COMPANY,Common Stock,openfigi_us
First Eagle Investment,1325447,2026-06-30,2026-08-05,,JLL,JONES LANG LASALLE INC,48020Q107,48020Q,long,common,0,0,0.0,4260,14,-14,-100.0,exited,yes,1,59922860164,424,JONES LANG LASALLE INC,Common Stock,openfigi_us
First Eagle Investment,1325447,2026-06-30,2026-08-05,,8TG,THERMON GROUP HLDGS INC,88362T103,88362T,long,common,0,0,0.0,15390799,305373,-305373,-100.0,exited,yes,1,59922860164,424,,,cached
First Eagle Investment,1325447,2026-06-30,2026-08-05,,CCS,CENTURY COMMUNITIES INC,156504300,156504,long,common,0,0,0.0,14730364,256716,-256716,-100.0,exited,yes,1,59922860164,424,CENTURY COMMUNITIES INC,Common Stock,openfigi_us
First Eagle Investment,1325447,2026-06-30,2026-08-05,,CLAR,CLARUS CORP NEW,18270P109,18270P,long,common,0,0,0.0,1383120,508500,-508500,-100.0,exited,yes,1,59922860164,424,CLARUS CORP,Common Stock,openfigi_us
First Eagle Investment,1325447,2026-06-30,2026-08-05,,WCN,WASTE CONNECTIONS INC,94106B101,94106B,long,common,0,0,0.0,4061,25,-25,-100.0,exited,yes,1,59922860164,424,WASTE CONNECTIONS INC,Common Stock,openfigi_us
First Eagle Investment,1325447,2026-06-30,2026-08-05,,ALGT,ALLEGIANT TRAVEL CO,01748X102,01748X,long,common,0,0,0.0,3885301,47943,-47943,-100.0,exited,no,1,59922860164,424,,,cached
First Eagle Investment,1325447,2026-06-30,2026-08-05,,BZH,BEAZER HOMES USA INC,07556Q881,07556Q,long,common,0,0,0.0,13365470,694671,-694671,-100.0,exited,yes,1,59922860164,424,BEAZER HOMES USA INC,Common Stock,openfigi_us
First Eagle Investment,1325447,2026-06-30,2026-08-05,,DXCM,DEXCOM INC,252131107,252131,long,common,0,0,0.0,3642,58,-58,-100.0,exited,yes,1,59922860164,424,,,cached
First Eagle Investment,1325447,2026-06-30,2026-08-05,,BBNX,BETA BIONICS INC,08659B102,08659B,long,common,0,0,0.0,2424840,242000,-242000,-100.0,exited,yes,1,59922860164,424,,,cached
First Eagle Investment,1325447,2026-06-30,2026-08-05,,QNST,QUINSTREET INC,74874Q100,74874Q,long,common,0,0,0.0,4201987,349874,-349874,-100.0,exited,yes,1,59922860164,424,QUINSTREET INC,Common Stock,openfigi_us
First Eagle Investment,1325447,2026-06-30,2026-08-05,,GEOS,GEOSPACE TECHNOLOGIES CORP,37364X109,37364X,long,common,0,0,0.0,2928000,240000,-240000,-100.0,exited,yes,1,59922860164,424,GEOSPACE TECHNOLOGIES CORP,Common Stock,openfigi_us
First Eagle Investment,1325447,2026-06-30,2026-08-05,,ACCO,ACCO BRANDS CORP,00081T108,00081T,long,common,0,0,0.0,2494107,831369,-831369,-100.0,exited,yes,1,59922860164,424,ACCO BRANDS CORP,Common Stock,openfigi_us
First Eagle Investment,1325447,2026-06-30,2026-08-05,,ASIX,ADVANSIX INC,00773T101,00773T,long,common,0,0,0.0,2012024,82460,-82460,-100.0,exited,yes,1,59922860164,424,ADVANSIX INC,Common Stock,openfigi_us
First Eagle Investment,1325447,2026-06-30,2026-08-05,,,CERAGON NETWORKS LTD,M22013102,M22013,long,common,0,0,0.0,555092,256987,-256987,-100.0,exited,yes,1,59922860164,424,,,openfigi_miss
First Eagle Investment,1325447,2026-06-30,2026-08-05,,XRX,XEROX HOLDINGS CORP,98421M106,98421M,long,common,0,0,0.0,1418529,1099635,-1099635,-100.0,exited,yes,1,59922860164,424,XEROX HOLDINGS CORP,Common Stock,openfigi_us
First Eagle Investment,1325447,2026-06-30,2026-08-05,,JBI,JANUS INTERNATIONAL GROUP IN,47103N106,47103N,long,common,0,0,0.0,7126544,1383795,-1383795,-100.0,exited,yes,1,59922860164,424,JANUS INTERNATIONAL GROUP IN,Common Stock,openfigi_us
First Eagle Investment,1325447,2026-06-30,2026-08-05,,VFC,V F CORP,918204108,918204,long,common,0,0,0.0,4332,255,-255,-100.0,exited,yes,1,59922860164,424,,,cached
First Eagle Investment,1325447,2026-06-30,2026-08-05,,VSNT,VERSANT MEDIA GROUP INC,925283103,925283,long,common,0,0,0.0,59132009,1597299,-1597299,-100.0,exited,yes,1,59922860164,424,VERSANT MEDIA GROUP INC,Common Stock,openfigi_us
First Eagle Investment,1325447,2026-06-30,2026-08-05,,UEIC,UNIVERSAL ELECTRS INC,913483103,913483,long,common,0,0,0.0,993167,241060,-241060,-100.0,exited,yes,1,59922860164,424,UNIVERSAL ELECTRONICS INC,Common Stock,openfigi_us
First Eagle Investment,1325447,2026-06-30,2026-08-05,,FOR,FORESTAR GROUP INC,346232101,346232,long,common,0,0,0.0,8307107,339898,-339898,-100.0,exited,yes,1,59922860164,424,FORESTAR GROUP INC,Common Stock,openfigi_us
First Eagle Investment,1325447,2026-06-30,2026-08-05,,SARO,STANDARDAERO INC,85423L103,85423L,long,common,0,0,0.0,720657,27900,-27900,-100.0,exited,no,1,59922860164,424,,,cached
First Eagle Investment,1325447,2026-06-30,2026-08-05,,ADI,ANALOG DEVICES INC,032654105,032654,long,common,0,0,0.0,15271,48,-48,-100.0,exited,no,1,59922860164,424,,,cached
First Eagle Investment,1325447,2026-06-30,2026-08-05,,EXMOC,EXXON MOBIL CORP,30231G102,30231G,long,common,0,0,0.0,1058273596,6237614,-6237614,-100.0,exited,yes,1,59922860164,424,EXXON MOBIL CORP,Common Stock,openfigi_foreign
First Eagle Investment,1325447,2026-06-30,2026-08-05,,EXE,EXPAND ENERGY CORPORATION,165167735,165167,long,common,0,0,0.0,1077601,9816,-9816,-100.0,exited,yes,1,59922860164,424,,,cached
First Eagle Investment,1325447,2026-06-30,2026-08-05,,CHWY,CHEWY INC,16679L109,16679L,long,common,0,0,0.0,580500,21500,-21500,-100.0,exited,yes,1,59922860164,424,CHEWY INC - CLASS A,Common Stock,openfigi_us
First Eagle Investment,1325447,2026-06-30,2026-08-05,,MSA,MSA SAFETY INC,553498106,553498,long,common,0,0,0.0,3935,24,-24,-100.0,exited,yes,1,59922860164,424,MSA SAFETY INC,Common Stock,openfigi_us
First Eagle Investment,1325447,2026-06-30,2026-08-05,,GXO,GXO LOGISTICS INCORPORATED,36262G101,36262G,long,common,0,0,0.0,6564314,126602,-126602,-100.0,exited,yes,1,59922860164,424,,,cached
First Eagle Investment,1325447,2026-06-30,2026-08-05,,SPY,STATE STR SPDR S&P 500 ETF T,78462F103,78462F,long,common,0,0,0.0,11055780,17000,-17000,-100.0,exited,no,1,59922860164,424,,,cached
First Eagle Investment,1325447,2026-06-30,2026-08-05,,WMS,ADVANCED DRAIN SYS INC DEL,00790R104,00790R,long,common,0,0,0.0,730354,5326,-5326,-100.0,exited,yes,1,59922860164,424,ADVANCED DRAINAGE SYSTEMS IN,Common Stock,openfigi_us
First Eagle Investment,1325447,2026-06-30,2026-08-05,,ECL,ECOLAB INC,278865100,278865,long,common,0,0,0.0,2128,8,-8,-100.0,exited,yes,1,59922860164,424,ECOLAB INC,Common Stock,openfigi_us
First Eagle Investment,1325447,2026-06-30,2026-08-05,,DASH,DOORDASH INC,25809K105,25809K,long,common,0,0,0.0,2553,17,-17,-100.0,exited,no,1,59922860164,424,,,cached
First Eagle Investment,1325447,2026-06-30,2026-08-05,,KMPR,KEMPER CORP,488401100,488401,long,common,0,0,0.0,4559644,149203,-149203,-100.0,exited,yes,1,59922860164,424,KEMPER CORP,Common Stock,openfigi_us
First Eagle Investment,1325447,2026-06-30,2026-08-05,,EXP,EAGLE MATLS INC,26969P108,26969P,long,common,0,0,0.0,12415226,65533,-65533,-100.0,exited,yes,1,59922860164,424,EAGLE MATERIALS INC,Common Stock,openfigi_us
First Eagle Investment,1325447,2026-06-30,2026-08-05,,LPLA,LPL FINL HLDGS INC,50212V100,50212V,long,common,0,0,0.0,1805,6,-6,-100.0,exited,no,1,59922860164,424,,,cached
Akre Capital,1112520,2026-06-30,2026-08-14,1,MA,MASTERCARD INCORPORATED,57636Q104,57636Q,long,common,1022015722,1989906,19.951,1139777424,2281106,-291200,-12.8,trimmed,no,1,5122536308,20,,,cached
Akre Capital,1112520,2026-06-30,2026-08-14,2,MCO,MOODYS CORP,615369105,615369,long,common,523979978,1156893,10.229,543617232,1246114,-89221,-7.2,trimmed,yes,1,5122536308,20,,,cached
Akre Capital,1112520,2026-06-30,2026-08-14,3,BN,BROOKFIELD CORP,11271J107,11271J,long,common,516187709,12119927,10.077,689085823,17027077,-4907150,-28.8,trimmed,no,1,5122536308,20,,,cached
Akre Capital,1112520,2026-06-30,2026-08-14,4,,KKR & CO L P DEL,48251w104,48251W,long,common,457200745,4981486,8.925,621422174,6718078,-1736592,-25.8,trimmed,yes,1,5122536308,20,,,openfigi_miss
Akre Capital,1112520,2026-06-30,2026-08-14,5,FICO,FAIR ISAAC CORP,303250104,303250,long,common,432302468,361826,8.439,388333688,363765,-1939,-0.5,trimmed,yes,1,5122536308,20,,,cached
Akre Capital,1112520,2026-06-30,2026-08-14,6,ROP,ROPER TECHNOLOGIES INC,776696106,776696,long,common,398136815,1176562,7.772,444884116,1257232,-80670,-6.4,trimmed,yes,1,5122536308,20,,,cached
Akre Capital,1112520,2026-06-30,2026-08-14,7,V,VISA INC,92826C839,92826C,long,common,381132162,1110881,7.44,495310308,1638798,-527917,-32.2,trimmed,no,1,5122536308,20,,,cached
Akre Capital,1112520,2026-06-30,2026-08-14,8,CSGP,COSTAR GROUP INC,22160N109,22160N,long,common,331326895,11699396,6.468,417449333,10348273,1351123,13.1,added,yes,1,5122536308,20,,,cached
Akre Capital,1112520,2026-06-30,2026-08-14,9,CPRT,COPART INC,217204106,217204,long,common,225119928,7985808,4.395,265564742,7998938,-13130,-0.2,trimmed,yes,1,5122536308,20,COPART INC,Common Stock,openfigi_us
Akre Capital,1112520,2026-06-30,2026-08-14,10,ORLY,OREILLY AUTOMOTIVE INC,67103H107,67103H,long,common,199081820,2161818,3.886,358699398,3885813,-1723995,-44.4,trimmed,yes,1,5122536308,20,O'REILLY AUTOMOTIVE INC,Common Stock,openfigi_us
Akre Capital,1112520,2026-06-30,2026-08-14,11,ABNB,AIRBNB INC,009066101,009066,long,common,169394482,1183749,3.307,256913250,2034473,-850724,-41.8,trimmed,yes,1,5122536308,20,AIRBNB INC-CLASS A,Common Stock,openfigi_us
Akre Capital,1112520,2026-06-30,2026-08-14,12,CCC,CCC INTELLIGENT SOLUTIONS HL,12510Q100,12510Q,long,common,154072105,29858935,3.008,189078420,31513070,-1654135,-5.2,trimmed,no,1,5122536308,20,,,cached
Akre Capital,1112520,2026-06-30,2026-08-14,13,NOW,SERVICENOW INC,81762P102,81762P,long,common,123712709,1246099,2.415,114597150,1096099,150000,13.7,added,no,1,5122536308,20,,,cached
Akre Capital,1112520,2026-06-30,2026-08-14,14,CRM,SALESFORCE INC,79466L302,79466L,long,common,112450391,717799,2.195,133991539,717799,0,0.0,flat,yes,1,5122536308,20,,,cached
Akre Capital,1112520,2026-06-30,2026-08-14,15,GSHD,GOOSEHEAD INS INC,38267D109,38267D,long,common,21504172,443385,0.42,18914804,443385,0,0.0,flat,yes,1,5122536308,20,GOOSEHEAD INSURANCE INC -A,Common Stock,openfigi_us
Akre Capital,1112520,2026-06-30,2026-08-14,16,,SOPHIA GENETICS SA,H82027105,H82027,long,common,21459438,3719140,0.419,18409743,3719140,0,0.0,flat,yes,1,5122536308,20,,,openfigi_miss
Akre Capital,1112520,2026-06-30,2026-08-14,17,CRM,SALESFORCE INC,79466L302,79466L,call,option_call,15666000,0,0.306,18667000,0,0,,trimmed,yes,1,5122536308,20,,,cached
Akre Capital,1112520,2026-06-30,2026-08-14,18,PRM,PERIMETER SOLUTIONS INC,71385M107,71385M,long,common,8912500,250000,0.174,6105000,250000,0,0.0,flat,yes,1,5122536308,20,PERIMETER SOLUTIONS INC,Common Stock,openfigi_us
Akre Capital,1112520,2026-06-30,2026-08-14,19,AMT,AMERICAN TOWER CORP NEW,03027X100,03027X,long,common,4785077,29254,0.093,8762232,50772,-21518,-42.4,trimmed,yes,1,5122536308,20,AMERICAN TOWER CORP,REIT,openfigi_us
Akre Capital,1112520,2026-06-30,2026-08-14,20,BRK/B,BERKSHIRE HATHAWAY INC DEL,084670702,084670,long,common,4095192,8184,0.08,4954449,10339,-2155,-20.8,trimmed,no,1,5122536308,20,,,cached
Donald Smith & Co,814375,2026-06-30,2026-08-11,1,,AERCAP HOLDINGS NV,N00985106,N00985,long,common,424584833,2912504,7.515,432209597,3150675,-238171,-7.6,trimmed,yes,1,5649457865,66,,,openfigi_miss
Donald Smith & Co,814375,2026-06-30,2026-08-11,2,EGO,ELDORADO GOLD CORP,284902509,284902,long,common,272580145,8767454,4.825,249759950,7275268,1492186,20.5,added,yes,1,5649457865,66,ELDORADO GOLD CORP,Common Stock,openfigi_us
Donald Smith & Co,814375,2026-06-30,2026-08-11,3,CGAU,CENTERRA GOLD INC.,152006102,152006,long,common,245003694,15447900,4.337,280570288,15771236,-323336,-2.1,trimmed,yes,1,5649457865,66,CENTERRA GOLD INC,Common Stock,openfigi_us
Donald Smith & Co,814375,2026-06-30,2026-08-11,4,HOG,HARLEY-DAVIDSON INC,412822108,412822,long,common,226966101,9279072,4.017,202541192,10016874,-737802,-7.4,trimmed,yes,1,5649457865,66,HARLEY-DAVIDSON INC,Common Stock,openfigi_us
Donald Smith & Co,814375,2026-06-30,2026-08-11,5,MHO,M/I HOMES,55305B101,55305B,long,common,223736069,1391480,3.96,182455153,1490038,-98558,-6.6,trimmed,yes,1,5649457865,66,M/I HOMES INC,Common Stock,openfigi_us
Donald Smith & Co,814375,2026-06-30,2026-08-11,6,GNW,GENWORTH FINANCIAL INC.,37247D106,37247D,long,common,212906349,22482191,3.769,206948780,25486303,-3004112,-11.8,trimmed,yes,1,5649457865,66,GENWORTH FINANCIAL INC,Common Stock,openfigi_us
Donald Smith & Co,814375,2026-06-30,2026-08-11,7,PK,PARK HOTELS & RESORTS INC,700517105,700517,long,common,207119589,14534708,3.666,175095778,16628279,-2093571,-12.6,trimmed,yes,1,5649457865,66,PARK HOTELS & RESORTS INC,REIT,openfigi_us
Donald Smith & Co,814375,2026-06-30,2026-08-11,8,IAG,IAMGOLD Corp.,450913108,450913,long,common,206145720,13014250,3.649,272495514,14479039,-1464789,-10.1,trimmed,yes,1,5649457865,66,IAMGOLD CORP,Common Stock,openfigi_us
Donald Smith & Co,814375,2026-06-30,2026-08-11,9,SM,SM ENERGY CO,78454L100,78454L,long,common,199602203,7647594,3.533,224773471,7208899,438695,6.1,added,yes,1,5649457865,66,SM ENERGY CO,Common Stock,openfigi_us
Donald Smith & Co,814375,2026-06-30,2026-08-11,10,JXN,JACKSON FINANCIAL INC,46817M107,46817M,long,common,183186359,1789104,3.243,200064211,1892397,-103293,-5.5,trimmed,yes,1,5649457865,66,JACKSON FINANCIAL INC-A,Common Stock,openfigi_us
Donald Smith & Co,814375,2026-06-30,2026-08-11,11,ALGT,ALLEGIANT TRAVEL CO,01748X102,01748X,long,common,175635953,1493503,3.109,135178448,1668046,-174543,-10.5,trimmed,no,1,5649457865,66,,,cached
Donald Smith & Co,814375,2026-06-30,2026-08-11,12,ALLY,ALLY FINANCIAL INC,02005N100,02005N,long,common,172509166,3754280,3.054,157693419,4019715,-265435,-6.6,trimmed,no,1,5649457865,66,,,cached
Donald Smith & Co,814375,2026-06-30,2026-08-11,13,CRBG,COREBRIDGE FINANCIAL INC,21871X109,21871X,long,common,168133740,5872642,2.976,144820370,6069588,-196946,-3.2,trimmed,no,1,5649457865,66,,,cached
Donald Smith & Co,814375,2026-06-30,2026-08-11,14,PFSI,PENNYMAC FINANCIAL SERVICES,70932M107,70932M,long,common,163939707,1882201,2.902,119930630,1372204,509997,37.2,added,yes,1,5649457865,66,PENNYMAC FINANCIAL SERVICES,Common Stock,openfigi_us
Donald Smith & Co,814375,2026-06-30,2026-08-11,15,MOS,THE MOSAIC COMPANY,61945C103,61945C,long,common,163661961,7723547,2.897,117751121,4617691,3105856,67.3,added,yes,1,5649457865,66,MOSAIC CO/THE,Common Stock,openfigi_us
Donald Smith & Co,814375,2026-06-30,2026-08-11,16,RDN,RADIAN GROUP INC,750236101,750236,long,common,163103980,4329811,2.887,152359037,4605775,-275964,-6.0,trimmed,yes,1,5649457865,66,,,cached
Donald Smith & Co,814375,2026-06-30,2026-08-11,17,,EVEREST GROUP LTD.,G3223R108,G3223R,long,common,153206302,428873,2.712,150408199,460175,-31302,-6.8,trimmed,yes,1,5649457865,66,,,openfigi_miss
Donald Smith & Co,814375,2026-06-30,2026-08-11,18,,SIRIUSPOINT LTD,G8192H106,G8192H,long,common,147940536,6164189,2.619,204338348,9486460,-3322271,-35.0,trimmed,yes,1,5649457865,66,,,openfigi_miss
Donald Smith & Co,814375,2026-06-30,2026-08-11,19,RLJ,RLJ LODGING TRUST,74965L101,74965L,long,common,145894913,12311807,2.582,111304630,15000624,-2688817,-17.9,trimmed,yes,1,5649457865,66,RLJ LODGING TRUST,REIT,openfigi_us
Donald Smith & Co,814375,2026-06-30,2026-08-11,20,TX,TERNIUM SA - SPONSORED ADR,880890108,880890,long,common,134131290,3141248,2.374,146823210,3656867,-515619,-14.1,trimmed,yes,1,5649457865,66,TERNIUM SA-SPONSORED ADR,ADR,openfigi_us
Donald Smith & Co,814375,2026-06-30,2026-08-11,21,C,CITIGROUP INC,172967424,172967,long,common,130594577,933085,2.312,146514833,1291904,-358819,-27.8,trimmed,yes,1,5649457865,66,,,cached
Donald Smith & Co,814375,2026-06-30,2026-08-11,22,GM,GENERAL MOTORS,37045V100,37045V,long,common,125319593,1625838,2.218,130147924,1746952,-121114,-6.9,trimmed,yes,1,5649457865,66,,,cached
Donald Smith & Co,814375,2026-06-30,2026-08-11,23,WFG,WEST FRASER TIMBER CO LTD,952845105,952845,long,common,110333549,1629983,1.953,111176726,1702814,-72831,-4.3,trimmed,yes,1,5649457865,66,WEST FRASER TIMBER CO LTD,Common Stock,openfigi_us
Donald Smith & Co,814375,2026-06-30,2026-08-11,24,HMC,HONDA MOTOR CO ADR,438128308,438128,long,common,109592744,4042521,1.94,84773224,3487175,555346,15.9,added,yes,1,5649457865,66,HONDA MOTOR CO LTD-SPONS ADR,ADR,openfigi_us
Donald Smith & Co,814375,2026-06-30,2026-08-11,25,KBH,KB HOME,48666K109,48666K,long,common,108651671,1735927,1.923,61655675,1191414,544513,45.7,added,yes,1,5649457865,66,,,cached
Donald Smith & Co,814375,2026-06-30,2026-08-11,26,NMR,NOMURA HOLDINGS INC,65535H208,65535H,long,common,107214766,12211249,1.898,103907300,13169493,-958244,-7.3,trimmed,yes,1,5649457865,66,NOMURA HOLDINGS INC-SPON ADR,ADR,openfigi_us
Donald Smith & Co,814375,2026-06-30,2026-08-11,27,BZH,BEAZER HOMES USA INC,07556Q881,07556Q,long,common,78937777,2814181,1.397,57461453,2986562,-172381,-5.8,trimmed,yes,1,5649457865,66,BEAZER HOMES USA INC,Common Stock,openfigi_us
Donald Smith & Co,814375,2026-06-30,2026-08-11,28,HHH,HOWARD HUGHES HOLDINGS INC,44267T102,44267T,long,common,71690815,1002809,1.269,66032180,1043822,-41013,-3.9,trimmed,yes,1,5649457865,66,,,cached
Donald Smith & Co,814375,2026-06-30,2026-08-11,29,GGB,GERDAU SA,373737105,373737,long,common,70662872,17490810,1.251,87147505,24140583,-6649773,-27.5,trimmed,yes,1,5649457865,66,GERDAU SA -SPON ADR,ADR,openfigi_us
Donald Smith & Co,814375,2026-06-30,2026-08-11,30,TMHC*,TAYLOR MORRISON HOME CORP,87724P106,87724P,long,common,61876252,862507,1.095,97417640,1672693,-810186,-48.4,trimmed,no,1,5649457865,66,,,cached
Donald Smith & Co,814375,2026-06-30,2026-08-11,31,UNM,UNUM GROUP,91529Y106,91529Y,long,common,58063959,649485,1.028,96978874,1327932,-678447,-51.1,trimmed,yes,1,5649457865,66,UNUM GROUP,Common Stock,openfigi_us
Donald Smith & Co,814375,2026-06-30,2026-08-11,32,CLDT,CHATHAM LODGING TRUST,16208T102,16208T,long,common,52586882,3974821,0.931,36646199,4656442,-681621,-14.6,trimmed,yes,1,5649457865,66,CHATHAM LODGING TRUST,REIT,openfigi_us
Donald Smith & Co,814375,2026-06-30,2026-08-11,33,GAU,GALIANO GOLD INC,36352H100,36352H,long,common,49255564,26339874,0.872,57984303,23101316,3238558,14.0,added,yes,1,5649457865,66,GALIANO GOLD INC,Common Stock,openfigi_us
Donald Smith & Co,814375,2026-06-30,2026-08-11,34,RYZ,RYERSON HOLDING CORP,783754104,783754,long,common,49035843,1992517,0.868,43991854,1956933,35584,1.8,added,yes,1,5649457865,66,RYERSON HOLDING CORP,Common Stock,openfigi_us
Donald Smith & Co,814375,2026-06-30,2026-08-11,35,MHK,MOHAWK INDUSTRIES INC,608190104,608190,long,common,42156715,347455,0.746,28609030,290565,56890,19.6,added,yes,1,5649457865,66,,,cached
Donald Smith & Co,814375,2026-06-30,2026-08-11,36,TWI,TITAN INTERNATIONAL INC,88830M102,88830M,long,common,40935690,5309428,0.725,34143395,4941157,368271,7.5,added,yes,1,5649457865,66,TITAN INTERNATIONAL INC,Common Stock,openfigi_us
Donald Smith & Co,814375,2026-06-30,2026-08-11,37,TPC,TUTOR PERINI CORP,901109108,901109,long,common,40406722,487004,0.715,101372778,1313289,-826285,-62.9,trimmed,yes,1,5649457865,66,TUTOR PERINI CORP,Common Stock,openfigi_us
Donald Smith & Co,814375,2026-06-30,2026-08-11,38,NMIH,NMI HOLDINGS INC,629209305,629209,long,common,36261720,882495,0.642,14913938,397599,484896,122.0,added,yes,1,5649457865,66,NMI HOLDINGS INC,Common Stock,openfigi_us
Donald Smith & Co,814375,2026-06-30,2026-08-11,39,GBX,GREENBRIER COMPANIES INC,393657101,393657,long,common,31987455,652672,0.566,0,0,652672,,new,yes,1,5649457865,66,GREENBRIER COMPANIES INC,Common Stock,openfigi_us
Donald Smith & Co,814375,2026-06-30,2026-08-11,40,,HAMILTON INSURANCE GROUP - CLASS B,G42706104,G42706,long,common,29883831,880490,0.529,49189372,1648990,-768500,-46.6,trimmed,yes,1,5649457865,66,,,openfigi_miss
Donald Smith & Co,814375,2026-06-30,2026-08-11,41,UVE,UNIVERSAL INSURANCE HOLDINGS,91359V107,91359V,long,common,29848933,721686,0.528,40088024,1173537,-451851,-38.5,trimmed,yes,1,5649457865,66,UNIVERSAL INSURANCE HOLDINGS,Common Stock,openfigi_us
Donald Smith & Co,814375,2026-06-30,2026-08-11,42,,GLOBAL SHIP LEASE INC- CL A,Y27183600,Y27183,long,common,27859382,740941,0.493,58755716,1578182,-837241,-53.1,trimmed,yes,1,5649457865,66,,,openfigi_miss
Donald Smith & Co,814375,2026-06-30,2026-08-11,43,,FERROGLOBE PLC,G33856108,G33856,long,common,25843138,8126773,0.457,22390980,5434704,2692069,49.5,added,yes,1,5649457865,66,,,openfigi_miss
Donald Smith & Co,814375,2026-06-30,2026-08-11,44,ASTL,ALGOMA STEEL GROUP INC,015658107,015658,long,common,21374406,5277631,0.378,24899477,6028929,-751298,-12.5,trimmed,yes,1,5649457865,66,ALGOMA STEEL GROUP INC,Common Stock,openfigi_us
Donald Smith & Co,814375,2026-06-30,2026-08-11,45,MPAA,MOTORCAR PARTS OF AMERICA,620071100,620071,long,common,18965256,1237941,0.336,13936087,1260044,-22103,-1.8,trimmed,yes,1,5649457865,66,MOTORCAR PARTS OF AMERICA IN,Common Stock,openfigi_us
Donald Smith & Co,814375,2026-06-30,2026-08-11,46,PDM,PIEDMONT REALTY TRUST INC,720190206,720190,long,common,17788332,1944080,0.315,0,0,1944080,,new,yes,1,5649457865,66,PIEDMONT REALTY TRUST INC,REIT,openfigi_us
Donald Smith & Co,814375,2026-06-30,2026-08-11,47,HOFT,HOOKER FURNISHINGS CORP,439038100,439038,long,common,16981684,952422,0.301,13794016,1070964,-118542,-11.1,trimmed,yes,1,5649457865,66,HOOKER FURNISHINGS CORP,Common Stock,openfigi_us
Donald Smith & Co,814375,2026-06-30,2026-08-11,48,WF,WOORI FINANCIAL,981064108,981064,long,common,13054291,682280,0.231,12158718,547690,134590,24.6,added,yes,1,5649457865,66,WOORI FINANCIAL-SPON ADR,ADR,openfigi_us
Donald Smith & Co,814375,2026-06-30,2026-08-11,49,MTUS,METALLUS INC,887399103,887399,long,common,11374641,608595,0.201,17513522,1071819,-463224,-43.2,trimmed,yes,1,5649457865,66,METALLUS INC,Common Stock,openfigi_us
Donald Smith & Co,814375,2026-06-30,2026-08-11,50,JRVR,JAMES RIVER GROUP HOLDINGS,46990A102,46990A,long,common,10737527,2440347,0.19,11472105,1820969,619378,34.0,added,yes,1,5649457865,66,JAMES RIVER GROUP HOLDINGS I,Common Stock,openfigi_us
Donald Smith & Co,814375,2026-06-30,2026-08-11,51,PEB,PEBBLEBROOK HOTEL TRUST,70509V100,70509V,long,common,9242324,476163,0.164,0,0,476163,,new,yes,1,5649457865,66,PEBBLEBROOK HOTEL TRUST,REIT,openfigi_us
Donald Smith & Co,814375,2026-06-30,2026-08-11,52,AFLYY,AIR FRANCE KLM,009119108,009119,long,common,6793354,4590104,0.12,4810498,4581427,8677,0.2,added,yes,1,5649457865,66,AIR FRANCE-KLM-ADR,ADR,openfigi_us
Donald Smith & Co,814375,2026-06-30,2026-08-11,53,RJET,REPUBLIC AIRWAYS HOLDINGS INC.,590479408,590479,long,common,5738440,273129,0.102,1640490,91750,181379,197.7,added,yes,1,5649457865,66,REPUBLIC AIRWAYS HOLDINGS IN,Common Stock,openfigi_us
Donald Smith & Co,814375,2026-06-30,2026-08-11,54,KELYA,KELLY SERVICES INC,488152208,488152,long,common,5704109,464504,0.101,3822350,431904,32600,7.5,added,yes,1,5649457865,66,KELLY SERVICES INC -A,Common Stock,openfigi_us
Donald Smith & Co,814375,2026-06-30,2026-08-11,55,JAKK,JAKKS PACIFIC INC,47012E403,47012E,long,common,4783598,205481,0.085,4389990,220381,-14900,-6.8,trimmed,yes,1,5649457865,66,JAKKS PACIFIC INC,Common Stock,openfigi_us
Donald Smith & Co,814375,2026-06-30,2026-08-11,56,DC,DAKOTA GOLD CORP,46655E100,46655E,long,common,4600800,1080000,0.081,5454000,1080000,0,0.0,flat,yes,1,5649457865,66,DAKOTA GOLD CORP,Common Stock,openfigi_us
Donald Smith & Co,814375,2026-06-30,2026-08-11,57,ASIX,ADVANSIX INC,00773T101,00773T,long,common,4228078,212680,0.075,5562712,227980,-15300,-6.7,trimmed,yes,1,5649457865,66,ADVANSIX INC,Common Stock,openfigi_us
Donald Smith & Co,814375,2026-06-30,2026-08-11,58,HBM,HUDBAY MINERALS INC,443628102,443628,long,common,3748306,158759,0.066,0,0,158759,,new,yes,1,5649457865,66,HUDBAY MINERALS INC,Common Stock,openfigi_us
Donald Smith & Co,814375,2026-06-30,2026-08-11,59,WSBF,WATERSTONE FINANCIAL INC,94188P101,94188P,long,common,3411951,164590,0.06,3174903,176090,-11500,-6.5,trimmed,yes,1,5649457865,66,WATERSTONE FINANCIAL INC,Common Stock,openfigi_us
Donald Smith & Co,814375,2026-06-30,2026-08-11,60,IWD,RUSSELL 1000,464287598,464287,long,common,3151590,13000,0.056,2777710,13000,0,0.0,flat,yes,1,5649457865,66,ISHARES RUSSELL 1000 VALUE E,ETP,openfigi_us
Donald Smith & Co,814375,2026-06-30,2026-08-11,61,VTOL,BRISTOW GROUP INC,11040G103,11040G,long,common,2403047,58157,0.043,4222773,90057,-31900,-35.4,trimmed,yes,1,5649457865,66,BRISTOW GROUP INC,Common Stock,openfigi_us
Donald Smith & Co,814375,2026-06-30,2026-08-11,62,PPTA,PERPETUA RESOURCES CORP,714266103,714266,long,common,2244779,108130,0.04,3040616,108130,0,0.0,flat,yes,1,5649457865,66,,,cached
Donald Smith & Co,814375,2026-06-30,2026-08-11,63,AII,AMERICAN INTEGRITY INSURANCE GROUP INC.,026948109,026948,long,common,2192189,116420,0.039,0,0,116420,,new,yes,1,5649457865,66,,,cached
Donald Smith & Co,814375,2026-06-30,2026-08-11,64,GFR,GREENFIRE RESOURCES LTD,39525U107,39525U,long,common,1671547,295849,0.03,0,0,295849,,new,yes,1,5649457865,66,GREENFIRE RESOURCES LTD,Common Stock,openfigi_us
Donald Smith & Co,814375,2026-06-30,2026-08-11,65,,AZURE POWER GLOBAL LTD,V0393H103,V0393H,long,common,270226,270226,0.005,270226,270226,0,0.0,flat,yes,1,5649457865,66,,,openfigi_miss
Donald Smith & Co,814375,2026-06-30,2026-08-11,66,,RESOLUTE FOREST PRODUCTS - CONTINGENT VALUE RTS,761CVR042,761CVR,long,common,8330,5866,0.0,8330,5866,0,0.0,flat,yes,1,5649457865,66,,,openfigi_miss
Donald Smith & Co,814375,2026-06-30,2026-08-11,,GPRCHF,GREAT PANTHER MINING,39115V101,39115V,long,common,0,0,0.0,47,472001,-472001,-100.0,exited,yes,1,5649457865,66,GREAT PANTHER MINING LTD,Common Stock,openfigi_foreign
Donald Smith & Co,814375,2026-06-30,2026-08-11,,GMTL,GUARDIAN METAL RESOURCES ADR,401382106,401382,long,common,0,0,0.0,26229719,1500556,-1500556,-100.0,exited,yes,1,5649457865,66,GUARDIAN METAL RESOURCES,ADR,openfigi_us
Fundsmith LLP,1569205,2026-06-30,2026-08-14,1,MAR,MARRIOTT INTL INC NEW,571903202,571903,long,common,958255687,2585757,7.021,1102511105,3370872,-785115,-23.3,trimmed,yes,1,13648923682,41,MARRIOTT INTERNATIONAL -CL A,Common Stock,openfigi_us
Fundsmith LLP,1569205,2026-06-30,2026-08-14,2,SYK,STRYKER CORPORATION,863667101,863667,long,common,917391182,2913833,6.721,1005950683,3061416,-147583,-4.8,trimmed,yes,1,13648923682,41,STRYKER CORP,Common Stock,openfigi_us
Fundsmith LLP,1569205,2026-06-30,2026-08-14,3,WAT,WATERS CORP,941848103,941848,long,common,852702945,2273632,6.247,956555935,3212075,-938443,-29.2,trimmed,yes,1,13648923682,41,WATERS CORP,Common Stock,openfigi_us
Fundsmith LLP,1569205,2026-06-30,2026-08-14,4,V,VISA INC,92826C839,92826C,long,common,692976613,2019810,5.077,938180162,3104090,-1084280,-34.9,trimmed,no,1,13648923682,41,,,cached
Fundsmith LLP,1569205,2026-06-30,2026-08-14,5,UBER,UBER TECHNOLOGIES INC,90353T100,90353T,long,common,645337776,8943151,4.728,0,0,8943151,,new,no,1,13648923682,41,,,cached
Fundsmith LLP,1569205,2026-06-30,2026-08-14,6,MA,MASTERCARD INCORPORATED,57636Q104,57636Q,long,common,639458194,1245051,4.685,0,0,1245051,,new,no,1,13648923682,41,,,cached
Fundsmith LLP,1569205,2026-06-30,2026-08-14,7,GOOGL,ALPHABET INC,02079K305,02079K,long,common,633743519,1773354,4.643,850084297,2956198,-1182844,-40.0,trimmed,no,1,13648923682,41,,,cached
Fundsmith LLP,1569205,2026-06-30,2026-08-14,8,CHD,CHURCH & DWIGHT CO INC,171340102,171340,long,common,625518702,6456634,4.583,619785527,6641508,-184874,-2.8,trimmed,yes,1,13648923682,41,CHURCH & DWIGHT CO INC,Common Stock,openfigi_us
Fundsmith LLP,1569205,2026-06-30,2026-08-14,9,PG,PROCTER & GAMBLE CO,742718109,742718,long,common,598052323,4078371,4.382,606635578,4199914,-121543,-2.9,trimmed,yes,1,13648923682,41,PROCTER & GAMBLE CO/THE,Common Stock,openfigi_us
Fundsmith LLP,1569205,2026-06-30,2026-08-14,10,MSFT,MICROSOFT CORP,594918104,594918,long,common,595614836,1596737,4.364,769856245,2079737,-483000,-23.2,trimmed,no,1,13648923682,41,,,cached
Fundsmith LLP,1569205,2026-06-30,2026-08-14,11,META,META PLATFORMS INC,30303M102,30303M,long,common,592511232,1051876,4.341,755998279,1321375,-269499,-20.4,trimmed,no,1,13648923682,41,,,cached
Fundsmith LLP,1569205,2026-06-30,2026-08-14,12,ADP,AUTOMATIC DATA PROCESSING IN,053015103,053015,long,common,582620930,2601567,4.269,783280234,3855105,-1253538,-32.5,trimmed,yes,1,13648923682,41,AUTOMATIC DATA PROCESSING,Common Stock,openfigi_us
Fundsmith LLP,1569205,2026-06-30,2026-08-14,13,FTNT,FORTINET INC,34959E109,34959E,long,common,557631076,3629938,4.086,503123481,6156675,-2526737,-41.0,trimmed,yes,1,13648923682,41,FORTINET INC,Common Stock,openfigi_us
Fundsmith LLP,1569205,2026-06-30,2026-08-14,14,TSM,TAIWAN SEMICONDUCTOR MANUFAC,874039100,874039,long,common,548464789,1148449,4.018,0,0,1148449,,new,no,1,13648923682,41,,,cached
Fundsmith LLP,1569205,2026-06-30,2026-08-14,15,IDXX,IDEXX LABS INC,45168D104,45168D,long,common,536909312,1019887,3.934,823610496,1465786,-445899,-30.4,trimmed,yes,1,13648923682,41,IDEXX LABORATORIES INC,Common Stock,openfigi_us
Fundsmith LLP,1569205,2026-06-30,2026-08-14,16,TXN,TEXAS INSTRS INC,882508104,882508,long,common,536282179,1799182,3.929,509253293,2623124,-823942,-31.4,trimmed,no,1,13648923682,41,,,cached
Fundsmith LLP,1569205,2026-06-30,2026-08-14,17,PM,PHILIP MORRIS INTL INC,718172109,718172,long,common,527116201,2913693,3.862,845410370,5113163,-2199470,-43.0,trimmed,no,1,13648923682,41,,,cached
Fundsmith LLP,1569205,2026-06-30,2026-08-14,18,NFLX,NETFLIX INC.,64110L106,64110L,long,common,499110633,6990345,3.657,0,0,6990345,,new,no,1,13648923682,41,,,cached
Fundsmith LLP,1569205,2026-06-30,2026-08-14,19,GEV,GE VERNOVA INC,36828A101,36828A,long,common,481498748,409835,3.528,0,0,409835,,new,no,1,13648923682,41,,,cached
Fundsmith LLP,1569205,2026-06-30,2026-08-14,20,APP,APPLOVIN CORP,03831W108,03831W,long,common,358892731,696568,2.629,0,0,696568,,new,no,1,13648923682,41,,,cached
Fundsmith LLP,1569205,2026-06-30,2026-08-14,21,TJX,TJX COS INC NEW,872540109,872540,long,common,344297688,2272592,2.523,0,0,2272592,,new,yes,1,13648923682,41,TJX COMPANIES INC,Common Stock,openfigi_us
Fundsmith LLP,1569205,2026-06-30,2026-08-14,22,NXT,NEXTPOWER INC,65290E101,65290E,long,common,340274801,2856092,2.493,0,0,2856092,,new,yes,1,13648923682,41,,,cached
Fundsmith LLP,1569205,2026-06-30,2026-08-14,23,VEEV,VEEVA SYS INC,922475108,922475,long,common,144954834,816785,1.062,0,0,816785,,new,yes,1,13648923682,41,VEEVA SYSTEMS INC-CLASS A,Common Stock,openfigi_us
Fundsmith LLP,1569205,2026-06-30,2026-08-14,24,YUM,YUM BRANDS INC,988498101,988498,long,common,88899265,556107,0.651,0,0,556107,,new,yes,1,13648923682,41,YUM! BRANDS INC,Common Stock,openfigi_us
Fundsmith LLP,1569205,2026-06-30,2026-08-14,25,MSCI,MSCI INC,55354G100,55354G,long,common,30006943,53580,0.22,34921380,64788,-11208,-17.3,trimmed,yes,1,13648923682,41,,,cached
Fundsmith LLP,1569205,2026-06-30,2026-08-14,26,MEDP,MEDPACE HLDGS INC,58506Q109,58506Q,long,common,27735687,52372,0.203,30092547,62668,-10296,-16.4,trimmed,yes,1,13648923682,41,MEDPACE HOLDINGS INC,Common Stock,openfigi_us
Fundsmith LLP,1569205,2026-06-30,2026-08-14,27,NTNX,NUTANIX INC,67059N108,67059N,long,common,27430800,538281,0.201,21946670,577392,-39111,-6.8,trimmed,yes,1,13648923682,41,NUTANIX INC - A,Common Stock,openfigi_us
Fundsmith LLP,1569205,2026-06-30,2026-08-14,28,BMI,BADGER METER INC,056525108,056525,long,common,25911154,174627,0.19,21708504,142491,32136,22.6,added,yes,1,13648923682,41,BADGER METER INC,Common Stock,openfigi_us
Fundsmith LLP,1569205,2026-06-30,2026-08-14,29,CLX,CLOROX CO DEL,189054109,189054,long,common,25894590,271318,0.19,26655398,257217,14101,5.5,added,yes,1,13648923682,41,CLOROX COMPANY,Common Stock,openfigi_us
Fundsmith LLP,1569205,2026-06-30,2026-08-14,30,ROL,ROLLINS INC,775711104,775711,long,common,25876087,619935,0.19,33110728,619935,0,0.0,flat,yes,1,13648923682,41,ROLLINS INC,Common Stock,openfigi_us
Fundsmith LLP,1569205,2026-06-30,2026-08-14,31,MANH,MANHATTAN ASSOCIATES INC,562750109,562750,long,common,24087047,172977,0.176,16092611,120888,52089,43.1,added,yes,1,13648923682,41,MANHATTAN ASSOCIATES INC,Common Stock,openfigi_us
Fundsmith LLP,1569205,2026-06-30,2026-08-14,32,NSSC,NAPCO SEC TECHNOLOGIES INC,630402105,630402,long,common,23052873,606974,0.169,15109846,383596,223378,58.2,added,yes,1,13648923682,41,NAPCO SECURITY TECHNOLOGIES,Common Stock,openfigi_us
Fundsmith LLP,1569205,2026-06-30,2026-08-14,33,FICO,FAIR ISAAC CORP,303250104,303250,long,common,21449885,17953,0.157,0,0,17953,,new,yes,1,13648923682,41,,,cached
Fundsmith LLP,1569205,2026-06-30,2026-08-14,34,SABR,SABRE CORP,78573M104,78573M,long,common,18838806,9013783,0.138,13069985,9013783,0,0.0,flat,yes,1,13648923682,41,,,cached
Fundsmith LLP,1569205,2026-06-30,2026-08-14,35,IDCC,INTERDIGITAL INC,45867G101,45867G,long,common,17079534,60324,0.125,0,0,60324,,new,yes,1,13648923682,41,INTERDIGITAL INC,Common Stock,openfigi_us
Fundsmith LLP,1569205,2026-06-30,2026-08-14,36,ORLY,OREILLY AUTOMOTIVE INC,67103H107,67103H,long,common,14982214,162691,0.11,0,0,162691,,new,yes,1,13648923682,41,O'REILLY AUTOMOTIVE INC,Common Stock,openfigi_us
Fundsmith LLP,1569205,2026-06-30,2026-08-14,37,VRT,VERTIV HOLDINGS CO,92537N108,92537N,long,common,14026614,41893,0.103,22866427,91254,-49361,-54.1,trimmed,no,1,13648923682,41,,,cached
Fundsmith LLP,1569205,2026-06-30,2026-08-14,38,VRSN,VERISIGN INC,92343E102,92343E,long,common,14015162,55713,0.103,28180664,113467,-57754,-50.9,trimmed,yes,1,13648923682,41,VERISIGN INC,Common Stock,openfigi_us
Fundsmith LLP,1569205,2026-06-30,2026-08-14,39,ADMA,ADMA BIOLOGICS INC,000899104,000899,long,common,13806256,1649493,0.101,14861932,1649493,0,0.0,flat,no,1,13648923682,41,,,cached
Fundsmith LLP,1569205,2026-06-30,2026-08-14,40,DOCS,DOXIMITY INC,26622P107,26622P,long,common,13549940,653324,0.099,16118614,691786,-38462,-5.6,trimmed,yes,1,13648923682,41,DOXIMITY INC-CLASS A,Common Stock,openfigi_us
Fundsmith LLP,1569205,2026-06-30,2026-08-14,41,PAYC,PAYCOM SOFTWARE INC,70432V102,70432V,long,common,12663894,100763,0.093,26672804,219457,-118694,-54.1,trimmed,yes,1,13648923682,41,PAYCOM SOFTWARE INC,Common Stock,openfigi_us
Fundsmith LLP,1569205,2026-06-30,2026-08-14,,OTIS,OTIS WORLDWIDE CORP,68902V107,68902V,long,common,0,0,0.0,210554426,2731635,-2731635,-100.0,exited,yes,1,13648923682,41,OTIS WORLDWIDE CORP,Common Stock,openfigi_us
Fundsmith LLP,1569205,2026-06-30,2026-08-14,,MTD,METTLER TOLEDO INTERNATIONAL,592688105,592688,long,common,0,0,0.0,717012379,568516,-568516,-100.0,exited,yes,1,13648923682,41,,,cached
Fundsmith LLP,1569205,2026-06-30,2026-08-14,,HD,HOME DEPOT INC,437076102,437076,long,common,0,0,0.0,9409872,28611,-28611,-100.0,exited,no,1,13648923682,41,,,cached
Fundsmith LLP,1569205,2026-06-30,2026-08-14,,QLYS,QUALYS INC,74758T303,74758T,long,common,0,0,0.0,19860864,226077,-226077,-100.0,exited,yes,1,13648923682,41,QUALYS INC,Common Stock,openfigi_us
Fundsmith LLP,1569205,2026-06-30,2026-08-14,,,CATALYST PHARMACEUTICALS INC,14888U101,14888U,long,common,0,0,0.0,20919402,844887,-844887,-100.0,exited,no,1,13648923682,41,,,openfigi_miss
Fundsmith LLP,1569205,2026-06-30,2026-08-14,,ZTS,ZOETIS INC,98978V103,98978V,long,common,0,0,0.0,458366249,3877559,-3877559,-100.0,exited,no,1,13648923682,41,,,cached
Baupost Group,1061768,2026-06-30,2026-08-13,1,AMZN,AMAZON COM INC,023135106,023135,long,common,892310000,3743854,16.476,649543000,3118754,625100,20.0,added,no,1000,5415853000,23,,,cached
Baupost Group,1061768,2026-06-30,2026-08-13,2,ELV,ELEVANCE HEALTH INC FORMERLY,036752103,036752,long,common,493140000,1275154,9.105,373301000,1275154,0,0.0,flat,yes,1000,5415853000,23,ELEVANCE HEALTH INC,Common Stock,openfigi_us
Baupost Group,1061768,2026-06-30,2026-08-13,3,QSR,RESTAURANT BRANDS INTL INC,76131D103,76131D,long,common,489612000,6753112,9.04,597208000,8080112,-1327000,-16.4,trimmed,yes,1000,5415853000,23,,,cached
Baupost Group,1061768,2026-06-30,2026-08-13,4,GOOG,ALPHABET INC,02079K107,02079K,long,common,484744000,1371931,8.95,338819000,1181131,190800,16.2,added,no,1000,5415853000,23,,,cached
Baupost Group,1061768,2026-06-30,2026-08-13,5,FERG,FERGUSON ENTERPRISES INC,31488V107,31488V,long,common,344269000,1450594,6.357,336457000,1442411,8183,0.6,added,yes,1000,5415853000,23,,,cached
Baupost Group,1061768,2026-06-30,2026-08-13,6,GPC,GENUINE PARTS CO,372460105,372460,long,common,332253000,2816178,6.135,157604000,1490348,1325830,89.0,added,yes,1000,5415853000,23,,,cached
Baupost Group,1061768,2026-06-30,2026-08-13,7,UNP,UNION PAC CORP,907818108,907818,long,common,322427000,1185395,5.953,373876000,1540995,-355600,-23.1,trimmed,no,1000,5415853000,23,,,cached
Baupost Group,1061768,2026-06-30,2026-08-13,8,V,VISA INC,92826C839,92826C,long,common,240628000,701355,4.443,211978000,701355,0,0.0,flat,no,1000,5415853000,23,,,cached
Baupost Group,1061768,2026-06-30,2026-08-13,9,WCC,WESCO INTL INC,95082P105,95082P,long,common,228979000,662881,4.228,393159000,1436881,-774000,-53.9,trimmed,yes,1000,5415853000,23,WESCO INTERNATIONAL INC,Common Stock,openfigi_us
Baupost Group,1061768,2026-06-30,2026-08-13,10,,AON PLC,G0403H108,G0403H,long,common,227871000,687000,4.207,248218000,769000,-82000,-10.7,trimmed,yes,1000,5415853000,23,,,openfigi_miss
Baupost Group,1061768,2026-06-30,2026-08-13,11,TFX,TELEFLEX INCORPORATED,879369106,879369,long,common,178605000,1409000,3.298,190778000,1595000,-186000,-11.7,trimmed,yes,1000,5415853000,23,TELEFLEX INC,Common Stock,openfigi_us
Baupost Group,1061768,2026-06-30,2026-08-13,12,,NORWEGIAN CRUISE LINE HLDGS,G66721104,G66721,long,common,163180000,7730000,3.013,67881000,3630000,4100000,112.9,added,yes,1000,5415853000,23,,,openfigi_miss
Baupost Group,1061768,2026-06-30,2026-08-13,13,MOH,MOLINA HEALTHCARE INC,60855R100,60855R,long,common,144906000,633609,2.676,84460000,633609,0,0.0,flat,yes,1000,5415853000,23,,,cached
Baupost Group,1061768,2026-06-30,2026-08-13,14,CME,CME GROUP INC,12572Q105,12572Q,long,common,136694000,619000,2.524,0,0,619000,,new,no,1000,5415853000,23,,,cached
Baupost Group,1061768,2026-06-30,2026-08-13,15,,HERBALIFE LTD,G4412G101,G4412G,long,common,121767000,9259844,2.248,136305000,9259844,0,0.0,flat,yes,1000,5415853000,23,,,openfigi_miss
Baupost Group,1061768,2026-06-30,2026-08-13,16,EXP,EAGLE MATLS INC,26969P108,26969P,long,common,119422000,530763,2.205,169134000,892763,-362000,-40.5,trimmed,yes,1000,5415853000,23,EAGLE MATERIALS INC,Common Stock,openfigi_us
Baupost Group,1061768,2026-06-30,2026-08-13,17,GDS,GDS HLDGS LTD,36165L108,36165L,long,common,113208000,3769818,2.09,122676000,3044818,725000,23.8,added,no,1000,5415853000,23,,,cached
Baupost Group,1061768,2026-06-30,2026-08-13,18,COLD,AMERICOLD REALTY TRUST INC,03064D108,03064D,long,common,107371000,6830230,1.983,89168000,7780800,-950570,-12.2,trimmed,yes,1000,5415853000,23,AMERICOLD REALTY TRUST INC,REIT,openfigi_us
Baupost Group,1061768,2026-06-30,2026-08-13,19,,LIBERTY GLOBAL LTD,G61188127,G61188,long,common,93975000,8543161,1.735,157150000,13397247,-4854086,-36.2,trimmed,yes,1000,5415853000,23,,,openfigi_miss
Baupost Group,1061768,2026-06-30,2026-08-13,20,AERO,GRUPO AEROMEXICO SAB DE CV,40054J109,40054J,long,common,87843000,4880188,1.622,68371000,4880188,0,0.0,flat,yes,1000,5415853000,23,,,cached
Baupost Group,1061768,2026-06-30,2026-08-13,21,,AXALTA COATING SYS LTD,G0750C108,G0750C,long,common,43608000,1274356,0.805,0,0,1274356,,new,yes,1000,5415853000,23,,,openfigi_miss
Baupost Group,1061768,2026-06-30,2026-08-13,22,DNOW,DNOW INC,67011P100,67011P,long,common,36160000,2788000,0.668,43174000,3625000,-837000,-23.1,trimmed,yes,1000,5415853000,23,DNOW INC,Common Stock,openfigi_us
Baupost Group,1061768,2026-06-30,2026-08-13,23,PS,PERSHING SQUARE INC,71531U102,71531U,long,common,12881000,392000,0.238,0,0,392000,,new,yes,1000,5415853000,23,PERSHING SQUARE INC,Common Stock,openfigi_us
Baupost Group,1061768,2026-06-30,2026-08-13,,PCVX,VAXCYTE INC,92243G108,92243G,long,common,0,0,0.0,46488000,800000,-800000,-100.0,exited,yes,1000,5415853000,23,,,cached
Baupost Group,1061768,2026-06-30,2026-08-13,,,WILLIS TOWERS WATSON PLC LTD,G96629103,G96629,long,common,0,0,0.0,259632000,893126,-893126,-100.0,exited,yes,1000,5415853000,23,,,openfigi_miss
